區域,廠區,客戶別,Ngày tháng,產品類型,Linh kiện,SN Number,Hiện tượng,維修方式,Hạng mục lỗi,維修數量,維修工時,節省金額/USD,結果
CHV,CHVP2,A31,2024-11-14,TypeC類,TypeC2,TPE-20221205-245,接口損壞,更換CONN+FW更新,自然磨損,1.0,1.0,,OK
CHV,CHVP2,A31,2024-11-14,TypeC類,TypeC2,TPE-20221205-182,FW更新,FW更新,FW更新,1.0,1.0,,OK
CHV,CHVP2,A31,2024-11-14,TypeC類,TypeC2,TPE-20210315-094,FW更新,FW更新,FW更新,1.0,1.0,,OK
CHV,CHVP2,A31,2024-11-14,TypeC類,TypeC2,TPE-20210315-088,FW更新,FW更新,FW更新,1.0,1.0,,OK
CHV,CHVP2,A31,2024-11-14,TypeC類,TypeC2,TPE-20221205-008,FW更新,FW更新,FW更新,1.0,1.0,,OK
CHV,CHVP2,A31,2024-11-14,TypeC類,TypeC2,TPE-20221205-072,FW更新,FW更新,FW更新,1.0,1.0,,OK
CHV,CHVP2,A31,2024-11-14,TypeC類,TypeC2,TPE-20221205-276,FW更新,FW更新,FW更新,1.0,1.5,,OK
CHV,CHVP2,A31,2024-11-15,TypeC類,TypeC3,TPE-20210623-052,FW更新,FW更新,FW更新,1.0,1.0,,OK
CHV,CHVP2,A31,2024-11-15,TypeC類,TypeC3,TPE-20210623-084,FW更新,FW更新,FW更新,1.0,1.0,,OK
CHV,CHVP2,A31,2024-11-16,USB類,簡易USB,KS-20190828-159,接口損壞,更換CONN-DOCKING B,自然磨損,1.0,1.0,,OK
CHV,CHVP2,A31,2024-11-18,HDMI類,HDMI2.1,TPE-20220815-045,NTF,NTF,人為誤判,1.0,2.0,,OK
CHV,CHVP2,A31,2024-11-18,HDMI類,HDMI2.1,TPE-20220815-054,接口損壞,更換CONN,自然磨損,1.0,1.0,,OK
CHV,CHVP2,A31,2024-11-19,TypeC類,TypeC2,TPE-20210315-274,接口損壞,更換CONN+FW更新,自然磨損,1.0,1.0,,OK
CHV,CHVP2,A31,2024-11-19,TypeC類,TypeC2,TPE-20221205-073,接口損壞,更換CONN+FW更新,自然磨損,1.0,1.0,,NG-报废
CHV,CHVP2,A31,2024-11-20,TypeC類,TypeC2,TPE-20210315-010,接口損壞,更換CONN+FW更新,自然磨損,1.0,1.0,,OK
CHV,CHVP2,A31,2024-11-20,TypeC類,TypeC2,TPE-20221205-261,接口損壞,更換CONN+FW更新,自然磨損,1.0,1.0,,OK
CHV,CHVP2,A31,2024-11-21,USB類,簡易USB,KS-20190313-213,接口損壞,更換CONN-DOCKING C,自然磨損,1.0,1.0,,OK
CHV,CHVP2,A31,2024-11-21,HDMI類,HDMI2.1,TPE-20220815-049,FW更新,FW更新,FW更新,1.0,1.0,,OK
CHV,CHVP2,A31,2024-11-21,HDMI類,HDMI2.1,TPE-20220815-053,FW更新,FW更新,FW更新,1.0,1.0,,OK
CHV,CHVP2,A31,2024-11-22,TypeC類,TypeC2,TPE-20221205-109,接口損壞,更換CONN+FW更新,自然磨損,1.0,1.0,,OK
CHV,CHVP2,A31,2024-11-22,TypeC類,TypeC2,TPE-20221205-095,接口損壞,更換CONN+FW更新,自然磨損,1.0,1.0,,OK
CHV,CHVP2,A31,2024-11-23,HDMI類,HDMI2.0,TPE-20201109-070,IC損壞,更換 IC RDU2-TMDS181,自然磨損,1.0,1.0,,OK
CHV,CHVP2,A31,2024-11-23,DP類 ,DP1.4,TPE-20210621-011,SD卡損壞,更换 SD 删除 log,自然磨損,1.0,0.5,,OK
CHV,CHVP2,A31,2024-11-23,HDMI類,HDMI2.1,TPE-20220815-048,FW更新,FW更新,FW更新,1.0,1.0,,OK
CHV,CHVP2,A31,2024-11-23,HDMI類,HDMI2.1,TPE-20230816-055,FW更新,FW更新,FW更新,1.0,1.0,,OK
CHV,CHVP2,A31,2024-11-23,HDMI類,HDMI2.0,TPE-20230505-045,IC損壞,更換 IC RDU2-TMDS181,自然磨損,1.0,1.0,,OK
CHV,CHVP2,A31,2024-11-25,TypeC類,TypeC2,TPE-20210315-082,接口損壞,更換CONN+FW更新,自然磨損,1.0,1.0,,OK
CHV,CHVP2,A31,2024-11-25,TypeC類,TypeC2,TPE-20221205-195,接口損壞,更換CONN+FW更新,自然磨損,1.0,1.0,,OK
CHV,CHVP2,A31,2024-11-25,TypeC類,TypeC2,TPE-20210315-047,接口損壞,更換CONN+FW更新,自然磨損,1.0,1.0,,OK
CHV,CHVP2,A31,2024-11-25,TypeC類,TypeC2,TPE-20210315-132,接口損壞,更換CONN+FW更新,自然磨損,1.0,1.0,,OK
CHV,CHVP2,A31,2024-11-26,TypeC類,TypeC3,TPE-20240527-124,SSD卡損壞,更换SSD卡-RETEST,自然磨損,1.0,0.5,,OK
CHV,CHVP2,A31,2024-11-27,TypeC類,TypeC2,TPE-20210315-015,接口損壞,更換CONN+FW更新,自然磨損,1.0,1.0,,OK
CHV,CHVP2,A31,2024-11-27,TypeC類,TypeC2,TPE-20210315-031,接口損壞,更換CONN+FW更新,自然磨損,1.0,1.0,,OK
CHV,CHVP2,A31,2024-11-27,TypeC類,TypeC2,TPE-20210315-112,接口損壞,更換CONN+FW更新,自然磨損,1.0,1.0,,OK
CHV,CHVP2,A31,2024-11-27,TypeC類,TypeC2,TPE-20210315-041,接口損壞,更換CONN+FW更新,自然磨損,1.0,1.0,,OK
CHV,CHVP2,A31,2024-11-28,TypeC類,TypeC2,TPE-20221205-272,接口損壞,更換CONN+FW更新,自然磨損,1.0,1.0,,NG-报废
CHV,CHVP2,A31,2024-11-28,TypeC類,TypeC2,TPE-20221205-158,接口損壞,更換CONN+FW更新,自然磨損,1.0,1.0,,OK
CHV,CHVP2,A31,2024-11-29,TypeC類,TypeC2,TPE-20210315-049,接口損壞,更換CONN+FW更新,自然磨損,1.0,1.0,,OK
CHV,CHVP2,A31,2024-11-29,TypeC類,TypeC2,TPE-20210315-278,接口損壞,更換CONN+FW更新,自然磨損,1.0,1.0,,OK
CHV,CHVP2,A31,2024-11-29,TypeC類,TypeC2,TPE-20221205-274,接口損壞,更換CONN+FW更新,自然磨損,1.0,1.0,,OK
CHV,CHVP2,A31,2024-11-29,TypeC類,TypeC2,TPE-20210315-002,接口損壞,更換CONN+FW更新,自然磨損,1.0,1.0,,OK
CHV,CHVP2,A31,2024-11-29,TypeC類,TypeC2,TPE-20210315-056,接口損壞,更換CONN+FW更新,自然磨損,1.0,1.0,,OK
CHV,CHVP2,A31,2024-11-30,TypeC類,TypeC2,TPE-20210315-004,接口損壞,更換CONN+FW更新,自然磨損,1.0,1.0,,OK
CHV,CHVP2,A31,2024-11-30,TypeC類,TypeC2,TPE-20210315-279,接口損壞,更換CONN+FW更新,自然磨損,1.0,1.0,,OK
CHV,CHVP2,A31,2024-12-02,TypeC類,TypeC2,TPE-20210315-036,接口損壞,更換CONN+FW更新,自然磨損,1.0,1.0,,OK
CHV,CHVP2,A31,2024-12-02,HDMI類,HDMI2.0,TPE-20230822-010,IC損壞,更換IC TMDS181,自然磨損,1.0,3.0,,OK
CHV,CHVP2,A31,2024-12-03,HDMI類,HDMI2.0,TPE-20230822-036,FW更新,FW更新,FW更新,1.0,1.0,,OK
CHV,CHVP2,A31,2024-12-03,HDMI類,HDMI2.0,TPE-20230822-026,FW更新,FW更新,FW更新,1.0,1.0,,OK
CHV,CHVP2,A31,2024-12-03,TypeC類,TypeC2,TPE-20210315-131,接口損壞,更換CONN+FW更新,自然磨損,1.0,1.0,,NG
CHV,CHVP2,A31,2024-12-03,TypeC類,TypeC2,TPE-20210315-038,接口損壞,更換CONN+FW更新,自然磨損,1.0,1.0,,NG
CHV,CHVP2,A31,2024-12-04,TypeC類,TypeC2,TPE-20221205-246,接口損壞,更換CONN+FW更新,自然磨損,1.0,1.0,,OK
CHV,CHVP2,A31,2024-12-04,TypeC類,TypeC2,TPE-20210315-046,接口損壞,更換CONN+FW更新,自然磨損,1.0,1.0,,OK
CHV,CHVP2,A31,2024-12-06,TypeC類,TypeC2,TPE-20221205-256,接口損壞,更換CONN+FW更新,自然磨損,1.0,1.0,,OK
CHV,CHVP2,A31,2024-12-06,TypeC類,TypeC2,TPE-20221205-263,接口損壞,更換CONN+FW更新,自然磨損,1.0,1.0,,OK
CHV,CHVP2,A31,2024-12-06,TypeC類,TypeC2,TPE-20221205-280,接口損壞,更換CONN+FW更新,自然磨損,1.0,1.0,,OK
CHV,CHVP2,A31,2024-12-09,TypeC類,TypeC2,TPE-20221205-036,接口損壞,更換CONN+FW更新,自然磨損,1.0,1.0,,OK
CHV,CHVP2,A31,2024-12-09,TypeC類,TypeC2,TPE-20221205-068,接口損壞,更換CONN+FW更新,自然磨損,1.0,1.0,,NG-报废
CHV,CHVP2,A31,2024-12-09,TypeC類,TypeC2,TPE-20210315-092,接口損壞,更換CONN+FW更新,自然磨損,1.0,1.0,,OK
CHV,CHVP2,A31,2024-12-09,TypeC類,TypeC2,TPE-20221205-251,接口損壞,更換CONN+FW更新,自然磨損,1.0,1.0,,OK
CHV,CHVP2,A31,2024-12-10,TypeC類,TypeC2,TPE-20210315-027,接口損壞,更換CONN+FW更新,自然磨損,1.0,1.0,,OK
CHV,CHVP2,A31,2024-12-11,TypeC類,TypeC2,TPE-20210315-063,接口損壞,更換CONN+FW更新,自然磨損,1.0,1.0,,NG-报废
CHV,CHVP2,A31,2024-12-11,TypeC類,TypeC2,TPE-20221205-082,接口損壞,更換CONN+FW更新,自然磨損,1.0,1.0,,OK
CHV,CHVP2,A31,2024-12-11,TypeC類,TypeC2,TPE-20210315-032,接口損壞,更換CONN+FW更新,自然磨損,1.0,1.0,,OK
CHV,CHVP2,A31,2024-12-11,TypeC類,TypeC2,TPE-20210315-055,接口損壞,更換CONN+FW更新,自然磨損,1.0,1.0,,OK
CHV,CHVP2,A31,2024-12-12,TypeC類,TypeC2,TPE-20210315-130,接口損壞,更換CONN,自然磨損,1.0,1.0,,OK
CHV,CHVP2,A31,2024-12-12,TypeC類,TypeC2,TPE-20221205-249,接口損壞,更換CONN,自然磨損,1.0,1.0,,OK
CHV,CHVP2,A31,2024-12-12,TypeC類,TypeC2,TPE-20210315-020,接口損壞,更換CONN,自然磨損,1.0,1.0,,OK
CHV,CHVP2,A31,2024-12-13,TypeC類,TypeC2,TPE-20210315-097,接口損壞,更換CONN,自然磨損,1.0,1.0,,OK
CHV,CHVP2,A31,2024-12-13,TypeC類,TypeC2,TPE-20210315-096,接口損壞,更換CONN,自然磨損,1.0,1.0,,OK
CHV,CHVP2,A31,2024-12-14,TypeC類,TypeC2,TPE-20210315-111,接口損壞,更換CONN+FW更新,自然磨損,1.0,1.0,,OK
CHV,CHVP2,A31,2024-12-14,TypeC類,TypeC2,TPE-20210315-021,接口損壞,更換CONN+FW更新,自然磨損,1.0,1.0,,OK
CHV,CHVP2,A31,2024-12-16,TypeC類,TypeC2,TPE-20210315-125,接口損壞,更換CONN+FW更新,自然磨損,1.0,1.0,,OK
CHV,CHVP2,A31,2024-12-16,TypeC類,TypeC2,TPE-20210315-133,接口損壞,更換CONN+FW更新,自然磨損,1.0,1.0,,NG-报废
CHV,CHVP2,A31,2024-12-17,TypeC類,TypeC2,TPE-20210315-277,接口損壞,更換CONN+FW更新,自然磨損,1.0,1.0,,OK
CHV,CHVP2,A31,2024-12-17,DP類 ,DP1.4,TPE-20210623-100,NTF,NTF,人為誤判,1.0,1.0,,OK
CHV,CHVP2,A31,2024-12-18,DP類 ,DP1.4,TPE-20210623-041,NTF,NTF,人為誤判,1.0,1.0,,OK
CHV,CHVP2,A31,2024-12-18,HDMI類,HDMI2.1,TPE-20231201-012,NTF,NTF,人為誤判,1.0,1.0,,OK
CHV,CHVP2,A31,2024-12-18,HDMI類,HDMI2.1,TPE-20230425-089,NTF,NTF,人為誤判,1.0,1.0,,OK
CHV,CHVP2,A31,2024-12-18,HDMI類,HDMI2.1,TPE-20230425-065,NTF,NTF,人為誤判,1.0,1.0,,OK
CHV,CHVP2,A31,2024-12-21,HDMI類,HDMI2.1,TPE-20210315-085,接口損壞,更換CONN+FW更新,自然磨損,1.0,1.0,,NG
CHV,CHVP2,A31,2024-12-26,USB類,簡易USB,KS-20190313-232,接口損壞,更換CONN,自然磨損,1.0,1.0,,OK
CHV,CHVP2,A31,2024-12-26,USB類,簡易USB,KS-20190313-239,接口損壞,更換CONN,自然磨損,1.0,1.0,,OK
CHV,CHVP2,A31,2024-12-26,USB類,簡易USB,KS-20190828-191,接口損壞,更換CONN,自然磨損,1.0,1.0,,OK
CHV,CHVP2,A31,2024-12-27,TypeC類,TypeC2,TPE-20221205-098,接口損壞,更換CONN+FW更新,自然磨損,1.0,1.0,,OK
CHV,CHVP2,A31,2024-12-27,TypeC類,TypeC2,TPE-20221205-002,接口損壞,更換CONN+FW更新,自然磨損,1.0,1.0,,OK
CHV,CHVP2,A31,2024-12-28,TypeC類,TypeC2,TPE-20221205-093,接口損壞,更換CONN+FW更新,自然磨損,1.0,1.0,,OK
CHV,CHVP2,A31,2024-12-28,TypeC類,TypeC2,TPE-20221205-226,接口損壞,更換CONN+FW更新,自然磨損,1.0,1.0,,OK
CHV,CHVP2,A31,2024-12-28,TypeC類,TypeC2,TPE-20210315-029,接口損壞,更換CONN+FW更新,自然磨損,1.0,1.0,,OK
CHV,CHVP2,A31,2025-01-02,TypeC類,TypeC2,TPE-20210315-056,接口損壞,更換CONN+FW更新,自然磨損,1.0,1.0,,OK
CHV,CHVP2,A31,2025-01-02,HDMI類,HDMI2.1,TPE-20230325-006,IC損壞,PW IC 12V-NG,自然磨損,1.0,1.0,,OK
CHV,CHVP2,A31,2025-01-04,TypeC類,TypeC2,TPE-20210315-044,接口損壞,更換CONN+FW更新,自然磨損,1.0,1.0,,NG
CHV,CHVP2,A31,2025-01-06,TypeC類,TypeC2,TPE-20210315-266,接口損壞,更換CONN+FW更新,自然磨損,1.0,1.0,,OK
CHV,CHVP2,A31,2025-01-07,DP類 ,DP1.4,TPE-20210623-054,SD卡損壞,更换 SD 删除 log,自然磨損,1.0,0.5,,OK
CHV,CHVP2,A31,2025-01-07,DP類 ,DP1.4,TPE-20210623-052,SD卡損壞,更换 SD 删除 log,自然磨損,1.0,0.5,,OK
CHV,CHVP2,A31,2025-01-07,HDMI類,HDMI2.1,TPE-20231201-012,IC損壞,PW IC 12V-NG,自然磨損,1.0,0.5,,OK
CHV,CHVP2,A31,2025-01-07,HDMI類,HDMI2.1,TPE-20231201-023,风扇,风扇接触不良,自然磨損,1.0,0.5,,OK
CHV,CHVP2,A31,2025-01-07,DP類 ,DP1.4,TPE-20210623-083,IC損壞,短路区PWU6使5V电源丢失,自然磨損,1.0,1.5,,OK
CHV,CHVP2,A31,2025-01-07,TypeC類,TypeC3,TPE-20240527-138,FW更新,FW更新,FW更新,1.0,0.5,,OK
CHV,CHVP2,A31,2025-01-07,TypeC類,TypeC3,TPE-20240527-266,FW更新,FW更新,FW更新,1.0,0.5,,OK
CHV,CHVP2,A31,2025-01-08,TypeC類,TypeC2,TPE-20210315-028,接口損壞,更換CONN+FW更新,自然磨損,1.0,1.0,,OK
CHV,CHVP2,A31,2025-01-08,TypeC類,TypeC2,TPE-20221205-072,接口損壞,更換CONN+FW更新,自然磨損,1.0,1.5,,OK
CHV,CHVP2,A31,2025-01-08,TypeC類,TypeC2,TPE-20210315-025,接口損壞,更換CONN+FW更新,自然磨損,1.0,1.0,,OK
CHV,CHVP2,A31,2025-01-09,TypeC類,TypeC2,TPE-20210315-059,接口損壞,更換CONN+FW更新,自然磨損,1.0,2.0,,OK
CHV,CHVP2,A31,2025-01-09,TypeC類,TypeC2,TPE-20210315-012,接口損壞,更換CONN+FW更新,自然磨損,1.0,1.5,,OK
CHV,CHVP2,A31,2025-01-09,TypeC類,TypeC2,TPE-20210315-095,接口損壞,更換CONN+FW更新,自然磨損,1.0,1.0,,OK
CHV,CHVP2,A31,2025-01-09,TypeC類,TypeC2,TPE-20210315-002,接口損壞,更換CONN+FW更新,自然磨損,1.0,1.0,,OK
CHV,CHVP2,A31,2025-01-09,TypeC類,TypeC2,TPE-20210315-001,接口損壞,更換CONN+FW更新,自然磨損,1.0,1.0,,OK
CHV,CHVP2,A31,2025-01-10,TypeC類,TypeC3,TPE-20240527-123,FW更新,FW更新,FW更新,1.0,0.5,,OK
CHV,CHVP2,A31,2025-01-10,TypeC類,TypeC3,TPE-20240527-227,FW更新,FW更新,FW更新,1.0,0.5,,OK
CHV,CHVP2,A31,2025-01-10,TypeC類,TypeC3,TPE-20240527-189,FW更新,FW更新,FW更新,1.0,0.5,,OK
CHV,CHVP2,A31,2025-01-13,TypeC類,TypeC3,TPE-20240527-195,SWICH,调整 CPJ2 swich,人為誤判,1.0,1.0,,OK
CHV,CHVP2,A31,2025-01-13,TypeC類,TypeC3,TPE-20240527-178,FW更新,FW更新,FW更新,1.0,0.5,,OK
CHV,CHVP2,A31,2025-01-14,TypeC類,TypeC3,TPE-20240527-162,SSD卡損壞,FORMAT SSD 卡,自然磨損,1.0,6.0,,OK
CHV,CHVP2,A31,2025-01-14,TypeC類,TypeC3,TPE-20240527-259,FW更新,FW更新,FW更新,1.0,0.5,,OK
CHV,CHVP2,A31,2025-01-14,TypeC類,TypeC3,TPE-20240130-064,FW更新,FW更新,FW更新,1.0,0.5,,OK
CHV,CHVP2,A31,2025-01-16,HDMI類,HDMI2.1,TPE-20230425-086,IC損壞,PWC91 短路,自然磨損,1.0,1.5,,OK
CHV,CHVP2,A31,2025-01-17,TypeC類,TypeC2,TPE-20210315-087,接口損壞,更換CONN+FW更新,自然磨損,1.0,1.5,,OK
CHV,CHVP2,A31,2025-01-17,TypeC類,TypeC2,TPE-20210315-018,接口損壞,更換CONN+FW更新,自然磨損,1.0,2.0,,OK
CHV,CHVP2,A31,2025-01-18,TypeC類,TypeC2,TPE-20210315-127,接口損壞,更換CONN+FW更新,自然磨損,1.0,2.0,,OK
CHV,CHVP2,A31,2025-01-20,HDMI類,HDMI2.0,TPE-20201109-015,FW更新,UPDATE 05ROM,FW更新,1.0,2.0,,OK
CHV,CHVP2,A31,2025-01-20,HDMI類,HDMI2.0,TPE-20221121-132,FW更新,UPDATE 05ROM,FW更新,1.0,1.0,,OK
CHV,CHVP2,A31,2025-01-21,TypeC類,TypeC3,TPE-20240527-301,FW更新,FW更新,FW更新,1.0,0.5,,OK
CHV,CHVP2,A31,2025-01-22,TypeC類,TypeC2,TPE-20210315-103,接口損壞,更換CONN+FW更新,自然磨損,1.0,2.0,,OK
CHV,CHVP2,A31,2025-02-08,TypeC類,TypeC2,TPE-20210315-104,接口損壞,更換CONN+FW更新,自然磨損,1.0,1.0,,OK
CHV,CHVP2,A31,2025-02-08,TypeC類,TypeC2,TPE-20210315-273,接口損壞,更換CONN+FW更新,自然磨損,1.0,1.0,,OK
CHV,CHVP2,A31,2025-02-08,TypeC類,TypeC2,TPE-20221205-268,接口損壞,更換CONN+FW更新,自然磨損,1.0,1.0,,OK
CHV,CHVP2,A31,2025-02-08,TypeC類,TypeC2,TPE-20221205-251,接口損壞,更換CONN+FW更新,自然磨損,1.0,1.0,,OK
CHV,CHVP2,A31,2025-02-08,TypeC類,TypeC2,TPE-20221205-224,接口損壞,更換CONN+FW更新,自然磨損,1.0,1.0,,OK
CHV,CHVP2,A31,2025-02-08,TypeC類,TypeC2,TPE-20210315-112,FW更新,FW更新,FW更新,1.0,0.5,,OK
CHV,CHVP2,A31,2025-02-08,TypeC類,TypeC2,TPE-20210315-088,FW更新,FW更新,FW更新,1.0,0.5,,OK
CHV,CHVP2,A31,2025-02-08,TypeC類,TypeC2,TPE-20210315-005,FW更新,FW更新,FW更新,1.0,0.5,,OK
CHV,CHVP2,A31,2025-02-10,TypeC類,TypeC2,TPE-20210315-092,接口損壞,更換CONN+FW更新,自然磨損,1.0,1.0,,OK
CHV,CHVP2,A31,2025-02-10,TypeC類,TypeC2,TPE-20210315-279,接口損壞,更換CONN+FW更新,自然磨損,1.0,1.0,,OK
CHV,CHVP2,A31,2025-02-10,TypeC類,TypeC2,TPE-20210315-111,接口損壞,更換CONN+FW更新,自然磨損,1.0,1.0,,OK
CHV,CHVP2,A31,2025-02-10,TypeC類,TypeC2,TPE-20210315-298,接口損壞,更換CONN+FW更新,自然磨損,1.0,1.0,,OK
CHV,CHVP2,A31,2025-02-10,TypeC類,TypeC2,TPE-20210315-276,接口損壞,更換CONN+FW更新,自然磨損,1.0,1.0,,OK
CHV,CHVP2,A31,2025-02-10,TypeC類,TypeC2,TPE-20210315-025,接口損壞,更換CONN+FW更新,自然磨損,1.0,1.0,,OK
CHV,CHVP2,A31,2025-02-10,TypeC類,TypeC2,TPE-20221205-256,接口損壞,更換CONN+FW更新,自然磨損,1.0,1.0,,OK
CHV,CHVP2,A31,2025-02-10,TypeC類,TypeC2,TPE-20221205-195,接口損壞,更換CONN+FW更新,自然磨損,1.0,0.5,,OK
CHV,CHVP2,A31,2025-02-10,TypeC類,TypeC2,TPE-20221205-072,接口損壞,更換CONN+FW更新,自然磨損,1.0,0.5,,OK
CHV,CHVP2,A31,2025-02-11,TypeC類,TypeC2,TPE-20221205-280,接口損壞,更換CONN+FW更新,自然磨損,1.0,1.0,,OK
CHV,CHVP2,A31,2025-02-11,TypeC類,TypeC2,TPE-20221205-263,接口損壞,更換CONN+FW更新,自然磨損,1.0,2.0,,NG
CHV,CHVP2,A31,2025-02-11,TypeC類,TypeC2,TPE-20221205-067,接口損壞,更換CONN+FW更新,自然磨損,1.0,2.0,,NG
CHV,CHVP2,A31,2025-02-11,TypeC類,TypeC3,TPE-20240527-246,NTF,NTF,人為誤判,1.0,0.5,,OK
CHV,CHVP2,A31,2025-02-12,TypeC類,TypeC2,TPE-20210315-018,接口損壞,更換CONN+FW更新,自然磨損,1.0,2.0,,OK
CHV,CHVP2,A31,2025-02-12,TypeC類,TypeC2,TPE-20210315-095,接口損壞,更換CONN+FW更新,自然磨損,1.0,2.0,,OK
CHV,CHVP2,A31,2025-02-12,TypeC類,TypeC2,TPE-20210315-129,接口損壞,更換CONN+FW更新,自然磨損,1.0,2.0,,OK
CHV,CHVP2,A31,2025-02-12,TypeC類,TypeC2,TPE-20210315-015,接口損壞,更換CONN+FW更新,自然磨損,1.0,2.0,,OK
CHV,CHVP2,A31,2025-02-13,TypeC類,TypeC2,TPE-20210315-002,接口損壞,更換CONN+FW更新,自然磨損,1.0,1.0,,OK
CHV,CHVP2,A31,2025-02-13,TypeC類,TypeC2,TPE-20210315-028,接口損壞,更換CONN+FW更新,自然磨損,1.0,1.0,,OK
CHV,CHVP2,A31,2025-02-13,TypeC類,TypeC2,TPE-20210315-126,接口損壞,更換CONN+FW更新,自然磨損,1.0,2.0,,OK
CHV,CHVP2,A31,2025-02-13,TypeC類,TypeC2,TPE-20221205-170,接口損壞,更換CONN+FW更新,自然磨損,1.0,1.0,,OK
CHV,CHVP2,A31,2025-02-13,TypeC類,TypeC2,TPE-20221205-190,接口損壞,更換CONN+FW更新,自然磨損,1.0,1.0,,OK
CHV,CHVP2,A31,2025-02-13,TypeC類,TypeC2,TPE-20221205-093,接口損壞,更換CONN+FW更新,自然磨損,1.0,1.0,,OK
CHV,CHVP2,A31,2025-02-17,TypeC類,TypeC2,TPE-20221205-082,接口損壞,更換CONN+FW更新,自然磨損,1.0,2.0,,OK
CHV,CHVP2,A31,2025-02-17,TypeC類,TypeC2,TPE-20221205-276,接口損壞,更換CONN+FW更新,自然磨損,1.0,2.0,,OK
CHV,CHVP2,A31,2025-02-17,TypeC類,TypeC3,TPE-20240527-235,NTF,NTF,人為誤判,1.0,1.0,,OK
CHV,CHVP2,A31,2025-02-17,TypeC類,TypeC3,TPE-20240527-152,NTF,NTF,人為誤判,1.0,1.0,,OK
CHV,CHVP2,A31,2025-02-18,DP類 ,DP1.4,TPE-20210623-052,SD卡損壞,更换 SD 删除 log,自然磨損,1.0,1.0,,OK
CHV,CHVP2,A31,2025-02-18,DP類 ,DP1.4,TPE-20210623-013,SD卡損壞,更换 SD 删除 log,自然磨損,1.0,1.0,,OK
CHV,CHVP2,A31,2025-02-19,TypeC類,TypeC2,TPE-20221205-086,接口損壞,更換CONN+FW更新,自然磨損,1.0,2.0,,OK
CHV,CHVP2,A31,2025-02-19,TypeC類,TypeC2,TPE-20210315-032,接口損壞,更換CONN+FW更新,自然磨損,1.0,2.0,,OK
CHV,CHVP2,A31,2025-02-20,TypeC類,TypeC3,TPE-20240527-266,NTF,NTF,人為誤判,1.0,1.0,,OK
CHV,CHVP2,A31,2025-02-20,TypeC類,TypeC3,TPE-20230912-104,NTF,NTF,人為誤判,1.0,1.0,,OK
CHV,CHVP2,A31,2025-02-20,TypeC類,TypeC3,TPE-20240527-132,NTF,NTF,人為誤判,1.0,1.0,,OK
CHV,CHVP2,A31,2025-02-21,TypeC類,TypeC3,TPE-20240527-206,NTF,NTF,人為誤判,1.0,1.0,,OK
CHV,CHVP2,A31,2025-02-24,TypeC類,TypeC3,TPE-20240527-208,NTF,NTF,人為誤判,1.0,1.0,,OK
CHV,CHVP2,A31,2025-02-24,TypeC類,TypeC3,TPE-20240527-133,NTF,NTF,人為誤判,1.0,1.0,,OK
CHV,CHVP2,A31,2025-02-25,IO類,Openshort2,TPE-20230505-045,FW更新,FW更新,FW更新,1.0,0.5,,OK
CHV,CHVP2,A31,2025-02-25,IO類,Openshort2,TPE-20230116-012,FW更新,FW更新,FW更新,1.0,0.5,,OK
CHV,CHVP2,A31,2025-02-25,IO類,Openshort2,TPE-20230505-005,FW更新,FW更新,FW更新,1.0,0.5,,OK
CHV,CHVP2,A31,2025-02-25,IO類,Openshort2,TPE-20230505-047,FW更新,FW更新,FW更新,1.0,0.5,,OK
CHV,CHVP2,A31,2025-02-25,HDMI類,HDMI2.0,TPE-20221121-109,FW更新,FW更新,FW更新,1.0,0.5,,OK
CHV,CHVP2,A31,2025-02-25,HDMI類,HDMI2.1,TPE-20231201-003,解析度不对,解析度错误,人為誤判,1.0,0.5,,OK
CHV,CHVP2,A31,2025-02-25,HDMI類,HDMI2.1,TPE-20230816-010,解析度不对,解析度错误,人為誤判,1.0,0.5,,OK
CHV,CHVP2,A31,2025-02-25,HDMI類,HDMI2.1,TPE-20231201-006,解析度不对,解析度错误,人為誤判,1.0,0.5,,OK
CHV,CHVP2,A31,2025-02-25,HDMI類,HDMI2.1,TPE-20230816-060,解析度不对,解析度错误,人為誤判,1.0,0.5,,OK
CHV,CHVP2,A31,2025-03-03,USB類,簡易USB,TPE-20221117-444,NTF,NTF,人為誤判,1.0,0.5,,OK
CHV,CHVP2,A31,2025-03-03,TypeC類,TypeC2,TPE-20210315-110,接口損壞,更換CONN+FW更新,自然磨損,1.0,1.0,,OK
CHV,CHVP2,A31,2025-03-04,TypeC類,TypeC2,TPE-20210315-056,接口損壞,更換CONN+FW更新,自然磨損,1.0,1.0,,OK
CHV,CHVP2,A31,2025-03-04,TypeC類,TypeC2,TPE-20221205-226,接口損壞,更換CONN+FW更新,自然磨損,1.0,1.0,,OK
CHV,CHVP2,A31,2025-03-04,TypeC類,TypeC2,TPE-20221205-076,接口損壞,更換CONN+FW更新,自然磨損,1.0,1.0,,OK
CHV,CHVP2,A31,2025-03-04,TypeC類,TypeC2,TPE-20221205-241,接口損壞,更換CONN+FW更新,自然磨損,1.0,1.0,,OK
CHV,CHVP2,A31,2025-03-05,TypeC類,TypeC2,TPE-20210315-037,接口損壞,更換CONN+FW更新,自然磨損,1.0,1.0,,OK
CHV,CHVP2,A31,2025-03-05,TypeC類,TypeC2,TPE-20221205-066,接口損壞,更換CONN+FW更新,自然磨損,1.0,1.0,,OK
CHV,CHVP2,A31,2025-03-05,TypeC類,TypeC2,TPE-20221205-091,接口損壞,更換CONN+FW更新,自然磨損,1.0,1.0,,OK
CHV,CHVP2,A31,2025-03-05,TypeC類,TypeC2,TPE-20221205-082,接口損壞,更換CONN+FW更新,自然磨損,1.0,1.0,,OK
CHV,CHVP2,A31,2025-03-05,TypeC類,TypeC2,TPE-20221205-245,接口損壞,更換CONN+FW更新,自然磨損,1.0,1.0,,OK
CHV,CHVP2,A31,2025-03-05,TypeC類,TypeC2,TPE-20210315-093,接口損壞,更換CONN,自然磨損,1.0,1.0,,OK
CHV,CHVP2,A31,2025-03-05,TypeC類,TypeC2,TPE-20210315-274,接口損壞,更換CONN+FW更新,自然磨損,1.0,1.0,,OK
CHV,CHVP2,A31,2025-03-05,TypeC類,TypeC2,TPE-20210315-008,接口損壞,更換CONN+FW更新,自然磨損,1.0,1.0,,OK
CHV,CHVP2,A31,2025-03-11,TypeC類,TypeC2,TPE-20221205-225,接口損壞,重新焊接，检查端口,焊接不好,1.0,1.0,,OK
CHV,CHVP2,A31,2025-03-11,TypeC類,TypeC2,TPE-20210315-053,接口損壞,重新焊接，检查端口,焊接不好,1.0,1.0,,OK
CHV,CHVP2,A31,2025-03-11,TypeC類,TypeC2,TPE-20221205-252,接口損壞,重新焊接，检查端口,焊接不好,1.0,1.0,,OK
CHV,CHVP2,A31,2025-03-11,TypeC類,TypeC2,TPE-20210315-054,接口損壞,重新焊接，检查端口,焊接不好,1.0,1.0,,OK
CHV,CHVP2,A31,2025-03-11,TypeC類,TypeC2,TPE-20221205-262,接口損壞,重新焊接，检查端口,焊接不好,1.0,1.0,,OK
CHV,CHVP2,A31,2025-03-11,TypeC類,TypeC2,TPE-20221205-052,接口損壞,重新焊接，检查端口,焊接不好,1.0,1.0,,OK
CHV,CHVP2,A31,2025-03-11,TypeC類,TypeC2,TPE-20221205-280,接口損壞,重新焊接，检查端口,焊接不好,1.0,1.0,,OK
CHV,CHVP2,A31,2025-03-11,TypeC類,TypeC3 Plus,TPE-20241016-027,ESD損壞,更换ESD ,自然磨損,1.0,0.5,,OK
CHV,CHVP2,A31,2025-03-12,DP類 ,DP1.4,TPE-20210623-011,SD卡損壞,更换 SD 删除 log,自然磨損,1.0,1.0,,OK
CHV,CHVP2,A31,2025-03-12,DP類 ,DP1.4,TPE-20210623-043,SD卡損壞,更换 SD 删除 log,自然磨損,1.0,1.5,,OK
CHV,CHVP2,A31,2025-03-12,DP類 ,DP1.4,TPE-20210623-054,SD卡損壞,更换 SD 删除 log,自然磨損,1.0,1.0,,OK
CHV,CHVP2,A31,2025-03-12,DP類 ,DP1.4,TPE-20210623-082,SD卡損壞,更换 SD 删除 log,自然磨損,1.0,1.0,,OK
CHV,CHVP2,A31,2025-03-12,DP類 ,DP1.4,TPE-20210623-088,SD卡損壞,更换 SD 删除 log,自然磨損,1.0,1.0,,OK
CHV,CHVP2,A31,2025-03-13,HDMI類,HDMI2.0,TPE-20230822-006,FW更新,FW更新,FW更新,1.0,0.5,,OK
CHV,CHVP2,A31,2025-03-13,HDMI類,HDMI2.0,TPE-20211109-072,FW更新,FW更新,FW更新,1.0,0.5,,OK
CHV,CHVP2,A31,2025-03-13,HDMI類,HDMI2.1,TPE-20230425-048,接口損壞,"更換CONN, 更换IC",自然磨損,1.0,1.0,,OK
CHV,CHVP2,A31,2025-03-13,USB類,簡易USB,TPE-20190828-217,IC損壞,更换IC USD12,自然磨損,1.0,1.0,,OK
CHV,CHVP2,A31,2025-03-14,HDMI類,HDMI2.1,TPE-20231201-006,接口損壞,"更換CONN, 更换IC",自然磨損,1.0,3.0,,OK
CHV,CHVP2,A31,2025-03-14,TypeC類,TypeC3 Plus,TPE-20250211-128,FW更新,FW更新,FW更新,1.0,0.5,,OK
CHV,CHVP2,A31,2025-03-14,TypeC類,TypeC3 Plus,TPE-20250211-164,FW更新,FW更新,FW更新,1.0,0.5,,OK
CHV,CHVP2,A31,2025-03-14,TypeC類,TypeC3 Plus,TPE-20250211-156,FW更新,FW更新,FW更新,1.0,0.5,,OK
CHV,CHVP2,A31,2025-03-14,TypeC類,TypeC3 Plus,TPE-20250211-118,FW更新,FW更新,FW更新,1.0,0.5,,OK
CHV,CHVP2,A31,2025-03-17,TypeC類,TypeC2,TPE-20221205-069,FW更新,FW更新,FW更新,1.0,0.5,,OK
CHV,CHVP2,A31,2025-03-17,TypeC類,TypeC2,TPE-20210315-084,FW更新,FW更新,FW更新,1.0,0.5,,OK
CHV,CHVP2,A31,2025-03-17,TypeC類,TypeC3,TPE-20240527-189,FW更新,FW更新,FW更新,1.0,0.5,,OK
CHV,CHVP2,A31,2025-03-19,TypeC類,USB TypeC,TPE-20190123-106,FW更新,FW更新,FW更新,1.0,1.0,,OK
CHV,CHVP2,A31,2025-03-19,TypeC類,USB TypeC,TPE-20190123-108,FW更新,FW更新,FW更新,1.0,1.0,,OK
CHV,CHVP2,A31,2025-03-19,TypeC類,USB TypeC,TPE-20190123-109,FW更新,FW更新,FW更新,1.0,1.0,,OK
CHV,CHVP2,A31,2025-03-25,DP類 ,DP1.4,TPE-20210623-031,SD卡損壞,更换 SD 删除 log,自然磨損,1.0,1.0,,OK
CHV,CHVP2,A31,2025-03-25,DP類 ,DP1.4,TPE-20210623-072,SD卡損壞,更换 SD 删除 log,自然磨損,1.0,1.0,,OK
CHV,CHVP2,A31,2025-03-25,HDMI類,HDMI2.0,TPE-20230822-062,FW更新,FW更新,FW更新,1.0,0.5,,OK
CHV,CHVP2,A31,2025-03-25,HDMI類,HDMI2.0,TPE-20230822-037,FW更新,FW更新,FW更新,1.0,0.5,,OK
CHV,CHVP2,A31,2025-03-26,TypeC類,TypeC3,TPE-20240527-142,FW更新,FW更新,FW更新,1.0,0.5,,OK
CHV,CHVP2,A31,2025-03-26,TypeC類,TypeC3,TPE-20240527-255,FW更新,FW更新,FW更新,1.0,0.5,,OK
CHV,CHVP2,A31,2025-03-26,TypeC類,TypeC3,TPE-20240527-258,FW更新,FW更新,FW更新,1.0,0.5,,OK
CHV,CHVP2,A31,2025-03-26,TypeC類,TypeC3,TPE-20240527-263,FW更新,FW更新,FW更新,1.0,0.5,,OK
CHV,CHVP2,A31,2025-03-28,TypeC類,TypeC2,TPE-20210315-001,接口損壞,更換CONN+FW更新,自然磨損,1.0,1.0,,OK
CHV,CHVP2,A31,2025-03-28,TypeC類,TypeC2,TPE-20210315-094,接口損壞,更換CONN+FW更新,自然磨損,1.0,1.0,,OK
CHV,CHVP2,A31,2025-03-31,TypeC類,TypeC2,TPE-20221205-244,接口損壞,重新焊接，检查端口,焊接不好,1.0,1.0,,OK
CHV,CHVP2,A31,2025-03-31,TypeC類,TypeC2,TPE-20221205-222,接口損壞,重新焊接，检查端口,焊接不好,1.0,1.0,,OK
CHV,CHVP2,A31,2025-03-31,TypeC類,TypeC2,TPE-20210315-102,接口損壞,更換CONN+FW更新,自然磨損,1.0,1.0,,OK
CHV,CHVP2,A31,2025-04-01,TypeC類,TypeC2,TPE-20221205-175,接口損壞,更換CONN+FW更新,自然磨損,1.0,1.0,,OK
CHV,CHVP2,A31,2025-04-01,TypeC類,TypeC2,TPE-20221205-036,接口損壞,更換CONN+FW更新,自然磨損,1.0,1.0,,OK
CHV,CHVP2,A31,2025-04-03,TypeC類,TypeC2,TPE-20210315-022,接口損壞,更換CONN+FW更新,自然磨損,1.0,1.0,,OK
CHV,CHVP2,A31,2025-04-07,TypeC類,TypeC2,TPE-20221205-076,接口損壞,更換CONN+FW更新,自然磨損,1.0,3.0,,OK
CHV,CHVP2,A31,2025-04-07,DP類 ,DP1.4,TPE-20240215-078,SD卡損壞,更换 SD 删除 log,自然磨損,1.0,1.0,,OK
CHV,CHVP2,A31,2025-04-07,DP類 ,DP1.4,TPE-20230426-055,SD卡損壞,更换 SD 删除 log,自然磨損,1.0,1.0,,OK
CHV,CHVP2,A31,2025-04-11,HDMI類,HDMI2.1,TPE-20230816-069,解析度不对,調整解析度,人為誤判,1.0,0.5,,OK
CHV,CHVP2,A31,2025-04-11,TypeC類,TypeC2,TPE-20221205-218,接口損壞,更換CONN+FW更新,自然磨損,1.0,3.0,,OK
CHV,CHVP2,A31,2025-04-12,DP類 ,DP1.4,TPE-20210623-052,SD卡損壞,更换 SD 删除 log,自然磨損,1.0,1.0,,OK
CHV,CHVP2,A31,2025-04-13,DP類 ,DP1.4,TPE-20210623-020,SD卡損壞,重新焊接，检查SD 卡端口,自然磨損,1.0,2.0,,OK
CHV,CHVP2,A31,2025-04-13,DP類 ,DP1.4,TPE-20210623-011,SD卡損壞,重新焊接，检查SD 卡端口,自然磨損,1.0,2.0,,OK
CHV,CHVP2,A31,2025-04-15,DP類 ,DP1.4,TPE-20210623-067,SD卡損壞,更换 SD 删除 log,自然磨損,1.0,1.0,,OK
CHV,CHVP2,A31,2025-04-15,DP類 ,DP1.4,TPE-20210623-001,SD卡損壞,更换 SD 删除 log,自然磨損,1.0,1.0,,OK
CHV,CHVP2,A31,2025-04-15,TypeC類,TypeC3 Plus,TPE-20250211-005,FW更新,FW更新,FW更新,1.0,1.0,,OK
CHV,CHVP2,A31,2025-04-15,TypeC類,TypeC3 Plus,TPE-20250211-154,FW更新,FW更新,FW更新,1.0,1.0,,OK
CHV,CHVP2,A31,2025-04-15,TypeC類,TypeC3 Plus,TPE-20250211-083,FW更新,FW更新,FW更新,1.0,1.0,,OK
CHV,CHVP2,A31,2025-04-15,TypeC類,TypeC3 Plus,TPE-20250211-092,FW更新,FW更新,FW更新,1.0,1.0,,OK
CHV,CHVP2,A31,2025-04-15,TypeC類,TypeC3 Plus,TPE-20250211-058,FW更新,FW更新,FW更新,1.0,1.0,,OK
CHV,CHVP2,A31,2025-04-15,TypeC類,TypeC3 Plus,TPE-20250211-046,FW更新,FW更新,FW更新,1.0,1.0,,OK
CHV,CHVP2,A31,2025-04-17,HDMI類,HDMI2.0,TPE-20230822-046,FW更新,FW更新,FW更新,1.0,1.0,,OK
CHV,CHVP2,A31,2025-04-21,VSB類,VSB DP,TPE-20220213-059,接口損壞,重焊接,人為誤判,1.0,1.0,,OK
CHV,CHVP2,A31,2025-04-22,HDMI類,HDMI2.1,TPE-20231201-001,解析度不对,調整解析度,人為誤判,1.0,0.5,,OK
CHV,CHVP2,A31,2025-04-22,TypeC類,TypeC3 Plus,TPE-20250211-016,FW更新,FW更新,FW更新,1.0,1.0,,OK
CHV,CHVP2,A31,2025-04-22,TypeC類,TypeC3 Plus,TPE-20250211-140,FW更新,FW更新,FW更新,1.0,1.0,,OK
CHV,CHVP2,A31,2025-04-22,VSB類,VSB DP,TPE-20220213-079,接口損壞,重焊接,人為誤判,1.0,1.0,,OK
CHV,CHVP2,A31,2025-04-22,VSB類,VSB DP,TPE-20220213-095,接口損壞,重焊接,人為誤判,1.0,1.0,,OK
CHV,CHVP2,A31,2025-04-24,TypeC類,TypeC2,TPE-20221205-002,接口損壞,更換CONN+FW更新,自然磨損,1.0,1.0,,OK
CHV,CHVP2,A31,2025-04-24,TypeC類,TypeC2,TPE-20221205-086,接口損壞,更換CONN+FW更新,自然磨損,1.0,1.0,,OK
CHV,CHVP2,A31,2025-04-24,TypeC類,TypeC2,TPE-20221205-076,接口損壞,更換CONN+FW更新,自然磨損,1.0,1.0,,OK
CHV,CHVP2,A31,2025-04-24,TypeC類,TypeC2,TPE-20210315-056,接口損壞,更換CONN+FW更新,自然磨損,1.0,1.0,,OK
CHV,CHVP2,A31,2025-04-24,TypeC類,TypeC2,TPE-20221205-051,接口損壞,更換CONN+FW更新,自然磨損,1.0,1.0,,OK
CHV,CHVP2,A31,2025-04-24,TypeC類,TypeC2,TPE-20210315-266,接口損壞,更換CONN+FW更新,自然磨損,1.0,1.0,,OK
CHV,CHVP2,A31,2025-04-24,TypeC類,TypeC2,TPE-20221205-091,接口損壞,更換CONN+FW更新,自然磨損,1.0,1.0,,OK
CHV,CHVP2,A31,2025-04-24,TypeC類,TypeC2,TPE-20221205-066,接口損壞,更換CONN+FW更新,自然磨損,1.0,1.0,,OK
CHV,CHVP2,A31,2025-04-24,TypeC類,TypeC2,TPE-20210315-112,接口損壞,更換CONN+FW更新,自然磨損,1.0,1.0,,OK
CHV,CHVP2,A31,2025-04-24,TypeC類,TypeC2,TPE-20210315-018,接口損壞,更換CONN+FW更新,自然磨損,1.0,1.0,,OK
CHV,CHVP2,A31,2025-04-24,TypeC類,TypeC2,TPE-20210315-049,接口損壞,更換CONN+FW更新,自然磨損,1.0,1.0,,OK
CHV,CHVP2,A31,2025-04-24,TypeC類,TypeC2,TPE-20210315-004,接口損壞,更換CONN+FW更新,自然磨損,1.0,1.0,,OK
CHV,CHVP2,A31,2025-04-25,TypeC類,TypeC2,TPE-20210315-043,接口損壞,更換CONN+FW更新,自然磨損,1.0,1.0,,OK
CHV,CHVP2,A31,2025-04-25,TypeC類,TypeC2,TPE-20221205-244,接口損壞,更換CONN+FW更新,自然磨損,1.0,1.0,,OK
CHV,CHVP2,A31,2025-04-25,TypeC類,TypeC2,TPE-20210315-125,接口損壞,更換CONN+FW更新,自然磨損,1.0,1.0,,OK
CHV,CHVP2,A31,2025-04-25,TypeC類,TypeC2,TPE-20210315-030,接口損壞,更換CONN+FW更新,自然磨損,1.0,1.0,,OK
CHV,CHVP2,A31,2025-04-25,TypeC類,TypeC2,TPE-20221205-190,接口損壞,更換CONN+FW更新,自然磨損,1.0,1.0,,OK
CHV,CHVP2,A31,2025-04-25,TypeC類,TypeC2,TPE-20210315-084,接口損壞,更換CONN+FW更新,自然磨損,1.0,1.0,,OK
CHV,CHVP2,A31,2025-04-25,TypeC類,TypeC2,TPE-20210315-032,接口損壞,更換CONN+FW更新,自然磨損,1.0,1.0,,OK
CHV,CHVP2,A31,2025-04-25,TypeC類,TypeC2,TPE-20210315-003,接口損壞,更換CONN+FW更新,自然磨損,1.0,1.0,,OK
CHV,CHVP2,A31,2025-04-25,TypeC類,TypeC2,TPE-20221205-093,接口損壞,更換CONN+FW更新,自然磨損,1.0,1.0,,OK
CHV,CHVP2,A31,2025-04-25,TypeC類,TypeC2,TPE-20210315-273,接口損壞,更換CONN+FW更新,自然磨損,1.0,1.0,,OK
CHV,CHVP2,A31,2025-04-25,TypeC類,TypeC2,TPE-20221205-262,接口損壞,更換CONN+FW更新,自然磨損,1.0,1.0,,OK
CHV,CHVP2,A31,2025-04-28,TypeC類,TypeC2,TPE-20221205-252,ESD損壞,更換 ESD,自然磨損,1.0,1.0,,OK
CHV,CHVP2,A31,2025-04-28,TypeC類,TypeC2,TPE-20221205-274,接口損壞,重焊接,焊接不好,1.0,1.0,,OK
CHV,CHVP2,A31,2025-04-28,TypeC類,TypeC2,TPE-20221205-268,接口損壞,重焊接,焊接不好,1.0,1.0,,OK
CHV,CHVP2,A31,2025-04-28,TypeC類,TypeC2,TPE-20210315-128,ESD損壞,更換 ESD,自然磨損,1.0,1.0,,OK
CHV,CHVP2,A31,2025-04-28,TypeC類,TypeC3,TPE-20240527-277,FW更新,FW更新,FW更新,1.0,1.0,,OK
CHV,CHVP2,A31,2025-04-28,TypeC類,TypeC2,TPE-20210315-106,FW更新,FW更新,FW更新,1.0,1.0,,OK
CHV,CHVP2,A31,2025-04-29,HDMI類,HDMI2.0,TPE-20201109-054,FW更新,FW更新,FW更新,1.0,1.0,,OK
CHV,CHVP2,A31,2025-04-29,HDMI類,HDMI2.0,TPE-20230822-061,FW更新,FW更新,FW更新,1.0,1.0,,OK
CHV,CHVP2,A31,2025-04-29,USB類,簡易USB,TPE-20190828-165,接口損壞,更換CONN,自然磨損,1.0,1.0,,OK
CHV,CHVP2,A31,2025-04-29,VSB類,VSB DP,TPE-20250213-069,接口損壞,重焊接,焊接不好,1.0,1.0,,OK
CHV,CHVP2,A31,2025-04-30,TypeC類,TypeC3,TPE-20240527-290,SSD卡損壞,换SSD 卡,自然磨損,1.0,1.0,,OK
CHV,CHVP2,A31,2025-04-30,TypeC類,TypeC3,TPE-20240527-158,SSD卡損壞,换SSD 卡,自然磨損,1.0,1.0,,OK
CHV,CHVP2,A31,2025-04-30,TypeC類,TypeC2,TPE-20210315-028,接口損壞,更換CONN+FW更新,自然磨損,1.0,1.0,,OK
CHV,CHVP2,A31,2025-04-30,TypeC類,TypeC2,TPE-20210315-129,接口損壞,更換CONN+FW更新,自然磨損,1.0,1.0,,OK
CHV,CHVP2,A31,2025-04-30,HDMI類,HDMI2.0,TPE-20230822-064,IC損壞,换IC RDU2,自然磨損,1.0,1.0,,OK
CHV,CHVP2,A31,2025-05-01,VSB類,VSB DP,TPE-20250213-046,接口損壞,重焊接,焊接不好,1.0,1.0,,OK
CHV,CHVP2,A31,2025-05-01,VSB類,VSB DP,TPE-20250102-047,接口損壞,重焊接,焊接不好,1.0,1.0,,OK
CHV,CHVP2,A31,2025-05-01,VSB類,VSB DP,TPE-20250102-049,接口損壞,重焊接,焊接不好,1.0,1.0,,OK
CHV,CHVP2,A31,2025-05-01,TypeC類,TypeC2,TPE-20210315-103,接口損壞,更換CONN+FW更新,自然磨損,1.0,1.0,,OK
CHV,CHVP2,A31,2025-05-02,TypeC類,TypeC2,TPE-20210315-055,接口損壞,更換CONN+FW更新,自然磨損,1.0,1.0,,OK
CHV,CHVP2,A31,2025-05-02,VSB類,VSB DP,TPE-20250102-043,接口損壞,重焊接,焊接不好,1.0,1.0,,OK
CHV,CHVP2,A31,2025-05-02,DP類 ,DP1.4,TPE-20240215-067,接口損壞,更換CONN,自然磨損,1.0,3.0,,OK
CHV,CHVP2,A31,2025-05-02,DP類 ,DP1.4,TPE-20240215-086,接口損壞,更換CONN,自然磨損,1.0,3.0,,OK
CHV,CHVP2,A31,2025-05-03,VSB類,VSB DP,TPE-20250213-009,接口損壞,重焊接,焊接不好,1.0,1.0,,OK
CHV,CHVP2,A31,2025-05-03,TypeC類,TypeC2,TPE-20210315-111,接口損壞,更換CONN+换IC DPU2,自然磨損,1.0,1.0,,OK
CHV,CHVP2,A31,2025-05-05,TypeC類,TypeC2,TPE-20210315-106,FW更新,FW更新,FW更新,1.0,1.0,,OK
CHV,CHVP2,A31,2025-05-05,TypeC類,TypeC2,TPE-20221205-233,FW更新,FW更新,FW更新,1.0,1.0,,OK
CHV,CHVP2,A31,2025-05-05,TypeC類,TypeC2,TPE-20221205-256,接口損壞,重焊接,焊接不好,1.0,1.0,,OK
CHV,CHVP2,A31,2025-05-05,TypeC類,TypeC2,TPE-20221205-225,接口損壞,重焊接,焊接不好,1.0,1.0,,OK
CHV,CHVP2,A31,2025-05-05,TypeC類,TypeC2,TPE-20210315-031,接口損壞,重焊接,焊接不好,1.0,1.0,,OK
CHV,CHVP2,A31,2025-05-06,VSB類,VSB DP,TPE-20250213-064,接口損壞,重焊接,焊接不好,1.0,1.0,,OK
CHV,CHVP2,A31,2025-05-06,VSB類,VSB DP,TPE-20250213-005,接口損壞,重焊接,焊接不好,1.0,1.0,,OK
CHV,CHVP2,A31,2025-05-06,VSB類,VSB DP,TPE-20250102-065,接口損壞,重焊接,焊接不好,1.0,1.0,,OK
CHV,CHVP2,A31,2025-05-06,VSB類,VSB DP,TPE-20250213-072,接口損壞,重焊接,焊接不好,1.0,1.0,,OK
CHV,CHVP2,A31,2025-05-08,DP類 ,DP1.4,TPE-20230426-053,SD卡損壞,换SD卡。2.0 版本,自然磨損,1.0,1.0,,OK
CHV,CHVP2,A31,2025-05-08,DP類 ,DP1.4,TPE-20210623-080,SD卡損壞,换SD卡。2.0 版本,自然磨損,1.0,1.0,,OK
CHV,CHVP2,A31,2025-05-08,TypeC類,TypeC3,TPE-20240527-129,FW更新,更新4.90.3 版本,FW更新,1.0,1.0,,OK
CHV,CHVP2,A31,2025-05-10,HDMI類,HDMI2.1,TPE-20250418-006,SSD卡損壞,format SSD & log data 更新20 版本,自然磨損,1.0,1.0,,OK
CHV,CHVP2,A31,2025-05-10,DP類 ,DP1.4,TPE-20210623-031,SD卡損壞,更换 SD 删除 log,自然磨損,1.0,1.0,,OK
CHV,CHVP2,A31,2025-05-13,HDMI類,HDMI2.1,TPE-20230816-019,接口損壞,删除 log& 重焊接口,自然磨損,1.0,1.0,,OK
CHV,CHVP2,A31,2025-05-13,HDMI類,HDMI2.1,TPE-20241023-086,接口損壞,删除 log& 重焊接口,自然磨損,1.0,1.0,,OK
CHV,CHVP2,A31,2025-05-14,DP類 ,DP1.4,TPE-20240215-073,接口損壞,更換CONN& 跳线,自然磨損,1.0,4.0,,OK
CHV,CHVP2,A31,2025-05-15,DP類 ,DP1.1,TPE-20191104-086,接口損壞,更換CONN&跳线,自然磨損,1.0,1.0,,OK
CHV,CHVP2,A31,2025-05-15,VSB類,VSB DP,TPE-20250102-055,接口損壞,更換CONN&跳线,自然磨損,1.0,1.0,,OK
CHV,CHVP2,A31,2025-05-16,DP類 ,DP1.4,TPE-20210623-038,SD卡損壞,换SD卡。2.0 版本,自然磨損,1.0,1.0,,OK
CHV,CHVP2,A31,2025-05-16,HDMI類,HDMI2.0,TPE-20230822-303,接口損壞,重焊接& update 06ROM,自然磨損,1.0,1.0,,OK
CHV,CHVP2,A31,2025-05-19,HDMI類,HDMI2.0,TPE-20230822-019,接口損壞,重焊接& update 06ROM,自然磨損,1.0,1.0,,OK
CHV,CHVP2,A31,2025-05-19,TypeC類,TypeC3,TPE-20240527-216,FW更新,更新4.90.3 版本,自然磨損,1.0,1.0,,OK
CHV,CHVP2,A31,2025-05-19,TypeC類,TypeC3,TPE-20230710-057,FW更新,更新4.90.3 版本,自然磨損,1.0,1.0,,OK
CHV,CHVP2,A31,2025-05-20,DP類 ,DP1.4,TPE-20210623-059,SD卡損壞,换SD卡。2.0 版本,自然磨損,1.0,1.0,,OK
CHV,CHVP2,A31,2025-05-21,USB類,簡易USB,TPE-20190828-273,接口損壞,"更換CONN, 更换IC USU6,7",自然磨損,1.0,4.0,,OK
CHV,CHVP2,A31,2025-05-21,USB類,簡易USB,TPE-20190828-177,接口損壞,"更換CONN, 更换IC ",自然磨損,1.0,2.0,,OK
CHV,CHVP2,A31,2025-05-22,DP類 ,DP1.4,TPE-20210623-003,SD卡損壞,换SD卡。2.0 版本,自然磨損,1.0,1.0,,OK
CHV,CHVP2,A31,2025-05-22,DP類 ,DP1.4,TPE-20210623-093,SD卡損壞,换SD卡。2.0 版本,自然磨損,1.0,1.0,,OK
CHV,CHVP2,A31,2025-05-22,HDMI類,HDMI2.1,TPE-20230816-066,FW更新,删除 log&更新3.6.20B 版本,自然磨損,1.0,1.0,,OK
CHV,CHVP2,A31,2025-05-22,HDMI類,HDMI2.1,TPE-20231201-020,FW更新,删除 log&更新3.6.20B 版本,自然磨損,1.0,1.0,,OK
CHV,CHVP2,A31,2025-05-22,TypeC類,TypeC2,TPE-20221205-095,接口損壞,重焊接,焊接不好,1.0,1.0,,OK
CHV,CHVP2,A31,2025-05-22,TypeC類,TypeC2,TPE-20221205-077,接口損壞,换接口,自然磨損,1.0,1.0,,OK
CHV,CHVP2,A31,2025-05-22,TypeC類,TypeC2,TPE-20221205-057,接口損壞,换接口,自然磨損,1.0,1.0,,OK
CHV,CHVP2,A31,2025-05-24,TypeC類,TypeC2,TPE-20221205-041,接口損壞,"换接口, 更新FW",自然磨損,1.0,3.0,,OK
CHV,CHVP2,A31,2025-05-24,TypeC類,TypeC2,TPE-20210315-016,接口損壞,"换接口, 更新FW",自然磨損,1.0,3.0,,OK
CHV,CHVP2,A31,2025-05-24,TypeC類,TypeC2,TPE-20210315-058,接口損壞,"换接口, 更新FW",自然磨損,1.0,1.0,,OK
CHV,CHVP2,A31,2025-05-26,HDMI類,HDMI2.0,TPE-20221121-109,FW更新,更新file，06ROM,FW更新,1.0,2.0,,OK
CHV,CHVP2,A31,2025-05-26,HDMI類,HDMI2.0,TPE-20221121-004,IC損壞,换IC RDU2,自然磨損,1.0,2.0,,OK
CHV,CHVP2,A31,2025-05-26,HDMI類,HDMI2.0,TPE-20221121-053,FW更新,更新file，06ROM,FW更新,1.0,2.0,,OK
CHV,CHVP2,A31,2025-05-26,HDMI類,HDMI2.0,TPE-20221121-015,FW更新,更新file，06ROM,FW更新,1.0,2.0,,OK
CHV,CHVP2,A31,2025-05-27,HDMI類,HDMI2.1,TPE-20230816-007,NTF,NTF,人為誤判,1.0,1.0,,OK
CHV,CHVP2,A31,2025-05-27,HDMI類,HDMI2.1,TPE-20250418-012,NTF,NTF,人為誤判,1.0,1.0,,OK
CHV,CHVP2,A31,2025-05-27,DP類 ,DP1.4,TPE-20210623-014,SD卡損壞,换SD卡。2.0 版本,自然磨損,1.0,1.0,,OK
CHV,CHVP2,A31,2025-05-27,HDMI類,HDMI2.0,TPE-20191014-166,IC損壞,换IC RDU2，更新 06ROM,自然磨損,1.0,2.0,,OK
CHV,CHVP2,A31,2025-05-27,HDMI類,HDMI2.0,TPE-20201109-046,IC損壞,换IC RDU2，更新 06ROM,自然磨損,1.0,2.0,,OK
CHV,CHVP2,A31,2025-05-30,TypeC類,TypeC2,TPE-20221205-108,接口損壞,"换接口, 更新FW,换IC ",自然磨損,1.0,8.0,,OK
CHV,CHVP2,A31,2025-05-30,TypeC類,TypeC2,TPE-20221205-225,接口損壞,"换接口, 更新FW,换IC ",自然磨損,1.0,8.0,,OK
CHV,CHVP2,A31,2025-06-03,TypeC類,TypeC2,TPE-20210315-026,接口損壞,重焊接,焊接不好,1.0,2.0,,OK
CHV,CHVP2,A31,2025-06-03,TypeC類,TypeC2,TPE-20210315-028,接口損壞,重焊接,焊接不好,1.0,2.0,,OK
CHV,CHVP2,A31,2025-06-06,DP類 ,DP1.4,TPE-20210623-023,FW更新,FW更新,FW更新,1.0,1.0,,OK
CHV,CHVP2,A31,2025-06-06,DP類 ,DP1.4,TPE-20210623-052,FW更新,FW更新,FW更新,1.0,1.0,,OK
CHV,CHVP2,A31,2025-06-06,TypeC類,TypeC3 Plus,TPE-20250211-010,SSD卡損壞,format &reset disk,自然磨損,1.0,1.0,,OK
CHV,CHVP2,A31,2025-06-07,HDMI類,HDMI2.1,TPE-20230816-056,解析度不对,删除 log&调整解析度,人為誤判,1.0,1.0,,OK
CHV,CHVP2,A31,2025-06-12,TypeC類,TypeC3,TPE-20240527-258,FW更新,FW更新,FW更新,1.0,1.0,,OK
CHV,CHVP2,A31,2025-06-12,TypeC類,TypeC3,TPE-20240527-193,FW更新,FW更新,FW更新,1.0,1.0,,OK
CHV,CHVP2,A31,2025-06-12,HDMI類,HDMI2.1,TPE-20230425-066,解析度不对,删除 log&调整解析度,人為誤判,1.0,1.0,,OK
CHV,CHVP2,A31,2025-06-12,HDMI類,HDMI2.1,TPE-20230425-079,解析度不对,"删除 log&调整解析度,更新3.6.20版本",人為誤判,1.0,1.0,,OK
CHV,CHVP2,A31,2025-06-12,HDMI類,HDMI2.1,TPE-20250418-024,解析度不对,删除 log&调整解析度,人為誤判,1.0,1.0,,OK
CHV,CHVP2,A31,2025-06-13,HDMI類,HDMI2.0,TPE-20201109-010,FW更新,FW更新,FW更新,1.0,1.0,,OK
CHV,CHVP2,A31,2025-06-13,USB類,簡易USB,KS-20190313-250,接口損壞,更換CONN,自然磨損,1.0,2.0,,OK
CHV,CHVP2,A31,2025-06-13,TypeC類,TypeC2,TPE-20210315-052,接口損壞,重焊接,焊接不好,1.0,2.0,,OK
CHV,CHVP2,A31,2025-06-13,TypeC類,TypeC2,TPE-20210315-001,接口損壞,重焊接,焊接不好,1.0,1.0,,OK
CHV,CHVP2,A31,2025-06-13,TypeC類,TypeC2,TPE-20221205-021,FW更新,FW更新,FW更新,1.0,1.0,,OK
CHV,CHVP2,A31,2025-06-14,TypeC類,TypeC2,TPE-20210315-037,接口損壞,重焊接,焊接不好,1.0,1.0,,OK
CHV,CHVP2,A31,2025-06-18,DP類 ,DP1.4,TPE-20230426-056,接口損壞,接口短路--》跳线,人為誤判,1.0,5.0,,OK
CHV,CHVP2,A31,2025-06-19,DP類 ,DP1.4,TPE-20250411-013,接口損壞,接口短路--》跳线,人為誤判,1.0,3.0,,OK
CHV,CHVP2,A31,2025-06-20,TypeC類,TypeC3 Plus,TPE-20250211-069,U盤256 損壞,换新U盤,自然磨損,1.0,2.0,,OK
CHV,CHVP2,A31,2025-06-20,TypeC類,TypeC3 Plus,TPE-20250211-050,U盤256 損壞,换新U盤,自然磨損,1.0,2.0,,OK
CHV,CHVP2,A31,2025-06-21,TypeC類,TypeC3 Plus,TPE-20250211-088,U盤256 損壞,换新U盤,自然磨損,1.0,2.0,,OK
CHV,CHVP2,A31,2025-06-21,DP類 ,DP1.4,TPE-20210623-035,SD卡損壞,换SD卡。2.0 版本,自然磨損,1.0,1.0,,OK
CHV,CHVP2,A31,2025-06-21,DP類 ,DP1.4,TPE-20210623-008,SD卡損壞,换SD卡。2.0 版本,自然磨損,1.0,1.0,,OK
CHV,CHVP2,A31(SMT）,2025-06-23,USB類,簡易USB,,接口損壞,更換接口,自然磨損,1.0,2.0,,OK
CHV,CHVP2,A31(SMT）,2025-06-23,DP類,DP1.4,TPE-20230426-046,接口損壞,接口短路--》跳线,自然磨損,1.0,3.0,,OK
CHV,CHVP2,A31(SMT）,2025-06-23,TypeC類,TypeC2,TPE-20221205-101,接口損壞,更換Power接口,自然磨損,1.0,1.5,,OK
CHV,CHVP2,A31(AFT）,2025-06-24,HDMI類,HDMI2.0,TPE-20201109-075,FW更新,FW更新,FW更新,1.0,1.0,,NG
CHV,CHVP2,A31(AFT）,2025-06-24,USB類,簡易USB,KS-20190828-177,接口損壞,更換接口,自然磨損,1.0,1.5,,OK
CHV,CHVP2,A31(AFT）,2025-06-24,USB類,簡易USB,KS-20190828-265,接口損壞,更換接口,自然磨損,1.0,1.5,,OK
CHV,CHVP2,A31(AFT）,2025-07-02,TypeC類,TypeC3 Plus,TPE-20250211-133,U盤256 損壞,"换新U盤,FW 更新",自然磨損,1.0,2.0,,OK
CHV,CHVP2,A31(AFT）,2025-07-04,TypeC類,TypeC2,TPE-20221205-036,接口損壞,更換接口,自然磨損,1.0,2.0,,OK
CHV,CHVP2,A31(AFT）,2025-07-04,TypeC類,TypeC2,TPE-20220315-129,背面3.0 fail,接口pin pad,焊接不好,1.0,1.0,,报废
CHV,CHVP2,A31(AFT）,2025-07-04,TypeC類,TypeC2,TPE-20221205-274,接口損壞,更換接口,自然磨損,1.0,2.0,,OK
CHV,CHVP2,A31(SMT）,2025-07-05,TypeC類,TypeC3 Plus,TPE-20250211-021,NTF,NTF,自然磨損,1.0,1.5,,OK
CHV,CHVP2,A31(SMT）,2025-07-05,TypeC類,TypeC3 Plus,TPE-20250211-060,PortB测试fail/3.2speed fail,USB 磁區格式錯誤/重新建立OK,自然磨損,1.0,1.5,,OK
CHV,CHVP2,A31(SMT）,2025-07-05,TypeC類,TypeC3 Plus,TPE-20250211-014,FW太舊,更新FW後測試OK,自然磨損,1.0,1.5,,OK
CHV,CHVP2,A31(SMT）,2025-07-06,TypeC類,TypeC2,TPE-20221205-085,FW更新,FW更新,FW更新,1.0,1.5,,OK
CHV,CHVP2,A31(SMT）,2025-07-06,TypeC類,TypeC2,TPE-20221205-096,FW更新,FW更新,FW更新,1.0,1.5,,OK
CHV,CHVP2,A31(SMT）,2025-07-06,TypeC類,TypeC2,TPE-20210315-057,没有USB3.0可能接口壞,待替換,自然磨損,1.0,1.0,,NG
CHV,CHVP2,A31(SMT）,2025-07-06,TypeC類,TypeC2,TPE-20221205-094,FW更新,FW更新,FW更新,1.0,1.0,,OK
CHV,CHVP2,A31(SMT）,2025-07-06,TypeC類,TypeC2,TPE-20221205-095,接口損壞,待替換,自然磨損,1.0,1.0,,NG
CHV,CHVP2,A31(SMT）,2025-07-06,TypeC類,TypeC2,TPE-20210315-134,FW更新,FW更新,FW更新,1.0,1.0,,OK
CHV,CHVP2,A31(SMT）,2025-07-06,TypeC類,TypeC2,TPE-20210315-105,FW更新,FW更新,FW更新,1.0,1.0,,OK
CHV,CHVP2,A31(AFT）,2025-07-06,DP類,DP1.4,TPE-20210624-087,SD卡疑似接觸不良,重新插拔後拿膠带固定SD卡,自然磨損,1.0,1.0,,OK
CHV,CHVP2,A31(AFT）,2025-07-06,DP類,DP1.4,TPE-20210624-099,SD卡疑似接觸不良,重新插拔後拿膠带固定SD卡,自然磨損,1.0,1.0,,OK
CHV,CHVP2,A31,2025-06-07,HDMI類,HDMI2.1,TPE-20230816-056,解析度不对,删除 log&调整解析度,人為誤判,1.0,1.0,,OK
CHV,CHVP2,A31,2025-06-12,TypeC類,TypeC3,TPE-20240527-258,FW更新,FW更新,FW更新,1.0,1.0,,OK
CHV,CHVP2,A31,2025-06-12,TypeC類,TypeC3,TPE-20240527-193,FW更新,FW更新,FW更新,1.0,1.0,,OK
CHV,CHVP2,A31,2025-06-12,HDMI類,HDMI2.1,TPE-20230425-066,解析度不对,删除 log&调整解析度,人為誤判,1.0,1.0,,OK
CHV,CHVP2,A31,2025-06-12,HDMI類,HDMI2.1,TPE-20230425-079,解析度不对,"删除 log&调整解析度,更新3.6.20版本",人為誤判,1.0,1.0,,OK
CHV,CHVP2,A31,2025-06-12,HDMI類,HDMI2.1,TPE-20250418-024,解析度不对,删除 log&调整解析度,人為誤判,1.0,1.0,,OK
CHV,CHVP2,A31,2025-06-13,HDMI類,HDMI2.0,TPE-20201109-010,FW更新,FW更新,FW更新,1.0,1.0,,OK
CHV,CHVP2,A31,2025-06-13,USB類,簡易USB,KS-20190313-250,接口損壞,更換CONN,自然磨損,1.0,2.0,,OK
CHV,CHVP2,A31,2025-06-13,TypeC類,TypeC2,TPE-20210315-052,接口損壞,重焊接,焊接不好,1.0,2.0,,OK
CHV,CHVP2,A31,2025-06-13,TypeC類,TypeC2,TPE-20210315-001,接口損壞,重焊接,焊接不好,1.0,1.0,,OK
CHV,CHVP2,A31,2025-06-13,TypeC類,TypeC2,TPE-20221205-021,FW更新,FW更新,FW更新,1.0,1.0,,OK
CHV,CHVP2,A31,2025-06-14,TypeC類,TypeC2,TPE-20210315-037,接口損壞,重焊接,焊接不好,1.0,1.0,,OK
CHV,CHVP2,A31,2025-06-18,DP類,DP1.4,TPE-20230426-056,接口損壞,接口短路--》跳线,人為誤判,1.0,5.0,,OK
CHV,CHVP2,A31,2025-06-19,DP類,DP1.4,TPE-20250411-013,接口損壞,接口短路--》跳线,人為誤判,1.0,3.0,,OK
CHV,CHVP2,A31,2025-06-20,TypeC類,TypeC3 Plus,TPE-20250211-069,U盤256 損壞,换新U盤,自然磨損,1.0,2.0,,OK
CHV,CHVP2,A31,2025-06-20,TypeC類,TypeC3 Plus,TPE-20250211-050,U盤256 損壞,换新U盤,自然磨損,1.0,2.0,,OK
CHV,CHVP2,A31,2025-06-21,TypeC類,TypeC3 Plus,TPE-20250211-088,U盤256 損壞,换新U盤,自然磨損,1.0,2.0,,OK
CHV,CHVP2,A31,2025-06-21,DP類,DP1.4,TPE-20210623-035,SD卡損壞,换SD卡。2.0 版本,自然磨損,1.0,1.0,,OK
CHV,CHVP2,A31,2025-06-21,DP類,DP1.4,TPE-20210623-008,SD卡損壞,换SD卡。2.0 版本,自然磨損,1.0,1.0,,OK
CHV,CHVP2,A31(SMT）,2025-06-23,USB類,簡易USB,,接口損壞,更換接口,自然磨損,1.0,2.0,,OK
CHV,CHVP2,A31(SMT）,2025-06-23,DP類,DP1.4,TPE-20230426-046,接口損壞,接口短路--》跳线,自然磨損,1.0,3.0,,OK
CHV,CHVP2,A31(SMT）,2025-06-23,TypeC類,TypeC2,TPE-20221205-101,接口損壞,更換Power接口,自然磨損,1.0,1.5,,OK
CHV,CHVP2,A31(AFT）,2025-06-24,HDMI類,HDMI2.0,TPE-20201109-075,FW更新,FW更新,FW更新,1.0,1.0,,NG
CHV,CHVP2,A31(AFT）,2025-06-24,USB類,簡易USB,KS-20190828-177,接口損壞,更換接口,自然磨損,1.0,1.5,,OK
CHV,CHVP2,A31(AFT）,2025-06-24,USB類,簡易USB,KS-20190828-265,接口損壞,更換接口,自然磨損,1.0,1.5,,OK
CHV,CHVP2,A31(AFT）,2025-07-02,TypeC類,TypeC3 Plus,TPE-20250211-133,U盤256 損壞,"换新U盤,FW 更新",自然磨損,1.0,2.0,,OK
CHV,CHVP2,A31(AFT）,2025-07-04,TypeC類,TypeC2,TPE-20221205-036,接口損壞,更換接口,自然磨損,1.0,2.0,,OK
CHV,CHVP2,A31(AFT）,2025-07-04,TypeC類,TypeC2,TPE-20220315-129,背面3.0 fail,接口pin pad,焊接不好,1.0,1.0,,报废
CHV,CHVP2,A31(AFT）,2025-07-04,TypeC類,TypeC2,TPE-20221205-274,接口損壞,更換接口,自然磨損,1.0,2.0,,OK
CHV,CHVP2,A31(SMT）,2025-07-05,TypeC類,TypeC3 Plus,TPE-20250211-021,NTF,NTF,自然磨損,1.0,1.5,,OK
CHV,CHVP2,A31(SMT）,2025-07-05,TypeC類,TypeC3 Plus,TPE-20250211-060,PortB测试fail/3.2speed fail,USB 磁區格式錯誤/重新建立OK,自然磨損,1.0,1.5,,OK
CHV,CHVP2,A31(SMT）,2025-07-05,TypeC類,TypeC3 Plus,TPE-20250211-014,FW太舊,更新FW後測試OK,自然磨損,1.0,1.5,,OK
CHV,CHVP2,A31(SMT）,2025-07-07,TypeC類,TypeC2,TPE-20221205-085,FW更新,FW更新,FW更新,1.0,1.5,,OK
CHV,CHVP2,A31(SMT）,2025-07-07,TypeC類,TypeC2,TPE-20221205-096,FW更新,FW更新,FW更新,1.0,1.5,,OK
CHV,CHVP2,A31(SMT）,2025-07-07,TypeC類,TypeC2,TPE-20210315-057,没有USB3.0可能接口壞,待替換,自然磨損,1.0,1.0,,NG
CHV,CHVP2,A31(SMT）,2025-07-07,TypeC類,TypeC2,TPE-20221205-094,FW更新,FW更新,FW更新,1.0,1.0,,OK
CHV,CHVP2,A31(SMT）,2025-07-07,TypeC類,TypeC2,TPE-20221205-095,接口損壞,待替換,自然磨損,1.0,1.0,,NG
CHV,CHVP2,A31(SMT）,2025-07-07,TypeC類,TypeC2,TPE-20210315-134,FW更新,FW更新,FW更新,1.0,1.0,,OK
CHV,CHVP2,A31(SMT）,2025-07-07,TypeC類,TypeC2,TPE-20210315-105,FW更新,FW更新,FW更新,1.0,1.0,,OK
CHV,CHVP2,A31(AFT）,2025-07-07,DP類,DP1.4,TPE-20210624-087,SD卡疑似接觸不良,重新插拔後拿膠带固定SD卡,自然磨損,1.0,1.0,,OK
CHV,CHVP2,A31(AFT）,2025-07-07,DP類,DP1.4,TPE-20210624-099,SD卡疑似接觸不良,重新插拔後拿膠带固定SD卡,自然磨損,1.0,1.0,,OK
CHV,CHVP1,AA8(5G),2025-07-08,TypeC類,TypeC2,TPE-20221205-228,EDID Fail,MUX IC/SBU ESD(USD12),自然磨損,1.0,1.5,,OK
CHV,CHVP1,AA8(5G),2025-07-08,TypeC類,TypeC2,TPE-20221205-049,EDID Fail,MUX IC燒斷trace/SBU ESD(USD12),自然磨損,1.0,1.5,,NG
CHV,CHVP1,AA8(5G),2025-07-08,TypeC類,TypeC2,TPE-20221205-005,EDID Fail,MUX IC,自然磨損,1.0,1.5,,OK
CHV,CHVP1,AA8(5G),2025-07-08,TypeC類,TypeC2,TPE-20220713-190,EDID Fail,MUX IC,自然磨損,1.0,1.5,,OK
CHV,CHVP1,AA8(5G),2025-07-08,TypeC類,TypeC2,TPE-20221205-286,EDID Fail,MUX IC燒斷trace/SBU ESD(USD12),自然磨損,1.0,1.5,,NG
CHV,CHVP1,AA8(5G),2025-07-08,TypeC類,TypeC2,TPE-20221205-046,EDID Fail,MUXIC,自然磨損,1.0,1.5,,OK
CHV,CHVP2,A31(AFT）,2025-07-09,TypeC類,TypeC2,TPE-20220315-049,正面3.0 Fail,更換接口,自然磨損,1.0,1.5,,OK
CHV,CHVP2,A31(AFT）,2025-07-09,TypeC類,TypeC2,TPE-20221205-259,正面3.0 Fail,更換接口,自然磨損,1.0,1.5,,OK
CHV,CHVP2,A31(AFT）,2025-07-09,TypeC類,TypeC2,TPE-20221205-175,Connector,更換接口,自然磨損,1.0,1.5,,OK
CHV,CHVP2,A31(AFT）,2025-07-09,TypeC類,TypeC2,TPE-20220315-055,2.0装置Fail,更換接口,自然磨損,1.0,1.5,,NG
CHV,CHVP2,DOCK B,2025-07-10,TypeC類,TypeC3 Plus,TPE-20250417-150,PortB测试fail/3.2speed fail,USB 磁區格式錯誤/重新建立OK,自然磨損,1.0,1.0,,OK
CHV,CHVP2,A31(AFT）,2025-07-15,TypeC類,TypeC3,TPE-20230710-017,TBT fail,檢查TBTA TX1 N阻抗異常,自然磨損,1.0,1.0,,NG
CHV,CHVP2,A31(AFT）,2025-07-15,TypeC類,TypeC3,TPE-20240527-172,TBT fail,NTF,自然磨損,1.0,1.0,,OK
CHV,CHVP2,A31(AFT）,2025-07-15,TypeC類,TypeC3,TPE-20240130-063,TBT fail,NTF,自然磨損,1.0,1.0,,OK
CHV,CHVP2,A31(AFT）,2025-07-15,VSB類,VSB DP,TPE-20250102-038,DP接口掉落,待維修,自然磨損,1.0,0.5,,FAIL
CHV,CHVP2,A31(AFT）,2025-07-15,VSB類,VSB DP,TPE-20250213-055,Dp switch Fail,待維修,自然磨損,1.0,0.5,,FAIL
CHV,CHVP2,A31(AFT）,2025-07-15,TypeC類,TypeC3 Plus,TPE-20250211-008,19V電源燒,待維修,自然磨損,1.0,0.5,,FAIL
CHV,CHVP2,A31(AFT）,2025-07-16,TypeC類,TypeC2,TPE-20221205-173,Không có mô tả,更新HW Barrel &FW 28ROM,Rework,1.0,0.5,,OK
CHV,CHVP2,A31(AFT）,2025-07-16,TypeC類,TypeC2,TPE-20221205-093,Không có mô tả,更新HW Barrel&FW 28ROM,Rework,1.0,0.5,,OK
CHV,CHVP2,A31(AFT）,2025-07-16,TypeC類,TypeC2,TPE-20210315-010,Không có mô tả,更新FW 28ROM,Rework,1.0,0.5,,OK
CHV,CHVP2,A31(AFT）,2025-07-16,TypeC類,TypeC2,TPE-20210315-017,Không có mô tả,更新HW Barrel &FW 28ROM,Rework,1.0,0.5,,OK
CHV,CHVP2,A31(AFT）,2025-07-16,TypeC類,TypeC2,TPE-20221205-008,Không có mô tả,更新FW 28ROM,Rework,1.0,0.5,,OK
CHV,CHVP2,A31(AFT）,2025-07-16,TypeC類,TypeC2,TPE-20210315-007,Không có mô tả,更新HW Barrel &FW 28ROM,Rework,1.0,0.5,,OK
CHV,CHVP2,A31(AFT）,2025-07-16,TypeC類,TypeC2,TPE-20221205-072,Không có mô tả,更新HW Barrel&FW 28ROM,Rework,1.0,0.5,,OK
CHV,CHVP2,A31(AFT）,2025-07-16,TypeC類,TypeC2,TPE-20221205-274,Không có mô tả,更新FW 28ROM,Rework,1.0,0.5,,OK
CHV,CHVP2,A31(AFT）,2025-07-16,TypeC類,TypeC2,TPE-20210315-004,Không có mô tả,更新HW Barrel &FW 28ROM,Rework,1.0,0.5,,OK
CHV,CHVP2,A31(AFT）,2025-07-16,TypeC類,TypeC2,TPE-20221205-055,Không có mô tả,更新FW 28ROM,Rework,1.0,0.5,,OK
CHV,CHVP2,A31(AFT）,2025-07-16,TypeC類,TypeC2,TPE-20221205-239,Không có mô tả,更新FW 28ROM,Rework,1.0,0.5,,OK
CHV,CHVP2,A31(AFT）,2025-07-16,TypeC類,TypeC2,TPE-20210315-004,Không có mô tả,更新HW Barrel &FW 28ROM,Rework,1.0,0.5,,OK
CHV,CHVP2,A31(AFT）,2025-07-16,TypeC類,TypeC2,TPE-20221205-244,Không có mô tả,更新FW 28ROM,Rework,1.0,0.5,,OK
CHV,CHVP2,A31(AFT）,2025-07-16,TypeC類,TypeC2,TPE-20221205-076,Không có mô tả,更新FW 28ROM,Rework,1.0,0.5,,OK
CHV,CHVP2,A31(AFT）,2025-07-16,TypeC類,TypeC2,TPE-20210315-003,Không có mô tả,更新HW Barrel&FW 28ROM,Rework,1.0,0.5,,OK
CHV,CHVP2,A31(AFT）,2025-07-16,TypeC類,TypeC2,TPE-20210315-273,Không có mô tả,更新HW Barrel &FW 28ROM,Rework,1.0,0.5,,OK
CHV,CHVP2,A31(AFT）,2025-07-16,TypeC類,TypeC2,TPE-20221205-224,Không có mô tả,更新FW 28ROM,Rework,1.0,0.5,,OK
CHV,CHVP2,A31(AFT）,2025-07-16,TypeC類,TypeC2,TPE-20210315-094,Không có mô tả,更新HW Barrel&FW 28ROM,Rework,1.0,0.5,,OK
CHV,CHVP2,A31(AFT）,2025-07-16,TypeC類,TypeC2,PE-20210315-095,Không có mô tả,更新HW Barrel&FW 28ROM,Rework,1.0,0.5,,OK
CHV,CHVP2,A31(AFT）,2025-07-16,TypeC類,TypeC2,TPE-20210315-052,Không có mô tả,更新FW 28ROM,Rework,1.0,0.5,,OK
CHV,CHVP2,A31(AFT）,2025-07-17,TypeC類,TypeC2,TPE-20210315-279,Không có mô tả,更新FW 28ROM,Rework,1.0,0.5,,OK
CHV,CHVP2,A31(AFT）,2025-07-17,TypeC類,TypeC2,TPE-20210315-043,Không có mô tả,更新HW Barrel &FW 28ROM,Rework,1.0,0.5,,OK
CHV,CHVP2,A31(AFT）,2025-07-17,TypeC類,TypeC2,TPE-20210315-053,Không có mô tả,更新FW 28ROM,Rework,1.0,0.5,,OK
CHV,CHVP2,A31(AFT）,2025-07-17,TypeC類,TypeC2,TPE-20221205-249,Không có mô tả,更新FW 28ROM,Rework,1.0,0.5,,OK
CHV,CHVP2,A31(AFT）,2025-07-17,TypeC類,TypeC2,TPE-20221205-070,Không có mô tả,更新FW 28ROM,Rework,1.0,0.5,,OK
CHV,CHVP2,A31(AFT）,2025-07-17,TypeC類,TypeC2,TPE-20221205-107,Không có mô tả,更新FW 28ROM,Rework,1.0,0.5,,OK
CHV,CHVP2,A31(AFT）,2025-07-17,TypeC類,TypeC2,TPE-20221205-235,Không có mô tả,更新FW 28ROM,Rework,1.0,0.5,,OK
CHV,CHVP2,A31(AFT）,2025-07-17,TypeC類,TypeC2,TPE-20221205-081,Không có mô tả,更新FW 28ROM,Rework,1.0,0.5,,OK
CHV,CHVP2,A31(AFT）,2025-07-17,TypeC類,TypeC2,TPE-20221205-222,Không có mô tả,更新FW 28ROM,Rework,1.0,0.5,,OK
CHV,CHVP2,A31(AFT）,2025-07-17,TypeC類,TypeC2,TPE-20210315-082,Không có mô tả,更新HW Barrel &FW 28ROM,Rework,1.0,0.5,,OK
CHV,CHVP2,A31(AFT）,2025-07-17,TypeC類,TypeC2,TPE-20221205-021,Không có mô tả,更新FW 28ROM,Rework,1.0,0.5,,OK
CHV,CHVP2,A31(AFT）,2025-07-17,TypeC類,TypeC2,TPE-20221205-206,Không có mô tả,更新FW 28ROM,Rework,1.0,0.5,,OK
CHV,CHVP2,A31(AFT）,2025-07-17,TypeC類,TypeC2,TPE-20210315-033,Không có mô tả,更新HW Barrel &FW 28ROM,Rework,1.0,0.5,,OK
CHV,CHVP2,A31(AFT）,2025-07-17,TypeC類,TypeC2,TPE-20221205-036,Không có mô tả,更新FW 28ROM,Rework,1.0,0.5,,OK
CHV,CHVP2,A31(AFT）,2025-07-17,TypeC類,TypeC2,TPE-20221205-052,Không có mô tả,更新FW 28ROM,Rework,1.0,0.5,,OK
CHV,CHVP2,A31(AFT）,2025-07-17,TypeC類,TypeC2,TPE-20210315-091,Không có mô tả,更新HW Barrel &FW 28ROM,Rework,1.0,0.5,,OK
CHV,CHVP2,A31(AFT）,2025-07-17,TypeC類,TypeC2,TPE-20221205-251,Không có mô tả,更新FW 28ROM,Rework,1.0,0.5,,OK
CHV,CHVP2,A31(AFT）,2025-07-17,TypeC類,TypeC2,TPE-20210315-277,Không có mô tả,更新HW Barrel &FW 28ROM,Rework,1.0,0.5,,OK
CHV,CHVP2,A31(AFT）,2025-07-17,TypeC類,TypeC2,TPE-20221205-266,Không có mô tả,更新FW 28ROM,Rework,1.0,0.5,,OK
CHV,CHVP2,A31(AFT）,2025-07-17,TypeC類,TypeC2,TPE-20210315-001,Không có mô tả,更新HW Barrel &FW 28ROM,Rework,1.0,0.5,,OK
CHV,CHVP2,A31(AFT）,2025-07-18,DP類,DP1.4,TPE-20210624-083,LCD IC跟上蓋外殼短路,贴膠带固定,自然磨損,1.0,0.5,,OK
CHV,CHVP2,A31(AFT）,2025-07-18,VSB類,VSB DP,TPE-20250102-038,DP接口掉落,DP connector pin pad脫落,自然磨損,1.0,3.0,,OK
CHV,CHVP2,A31(AFT）,2025-07-18,VSB類,VSB DP,TPE-20250213-055,Dp switch Fail,换DP2.1 switch,自然磨損,1.0,2.0,,OK
CHV,CHVP2,A31(AFT）,2025-07-18,TypeC類,TypeC2,TPE-20221205-175,Không có mô tả,更新FW 28ROM,Rework,1.0,0.5,,OK
CHV,CHVP2,A31(AFT）,2025-07-18,TypeC類,TypeC2,TPE-20221205-259,Không có mô tả,更新FW 28ROM,Rework,1.0,0.5,,OK
CHV,CHVP2,A31(AFT）,2025-07-18,TypeC類,TypeC2,TPE-20221205-170,Không có mô tả,更新FW 28ROM,Rework,1.0,0.5,,OK
CHV,CHVP2,A31(AFT）,2025-07-18,TypeC類,TypeC2,TPE-20210315-276,Không có mô tả,更新HW Barrel &FW 28ROM,Rework,1.0,0.5,,OK
CHV,CHVP2,A31(AFT）,2025-07-18,TypeC類,TypeC2,TPE-20210315-132,Không có mô tả,更新HW Barrel &FW 28ROM,Rework,1.0,0.5,,OK
CHV,CHVP2,A31(AFT）,2025-07-18,TypeC類,TypeC2,TPE-20210315-025,Không có mô tả,更新HW Barrel &FW 28ROM,Rework,1.0,0.5,,OK
CHV,CHVP2,A31(AFT）,2025-07-18,TypeC類,TypeC2,TPE-20210315-274,Không có mô tả,更新HW Barrel &FW 28ROM,Rework,1.0,0.5,,OK
CHV,CHVP2,A31(AFT）,2025-07-23,TypeC類,TypeC3,TPE-20240527-206,NTF,NTF,NTF,1.0,0.5,,OK
CHV,CHVP2,A31(AFT）,2025-07-23,TypeC類,TypeC3,TPE-20230912-087,NTF,NTF,NTF,1.0,0.5,,OK
CHV,CHVP2,A31(AFT）,2025-07-23,TypeC類,TypeC3,TPE-20240527-260,NTF,NTF,NTF,1.0,0.5,,OK
CHV,CHVP2,A31(AFT）,2025-07-23,TypeC類,TypeC3,TPE-20240527-125,NTF,NTF,NTF,1.0,0.5,,OK
CHV,CHVP2,A31(AFT）,2025-07-23,DP類,DP1.4,TPE-20210623-027,SD卡損壞,换卡新版本2.0,自然磨損,1.0,0.5,,OK
CHV,CHVP2,A31(AFT）,2025-07-23,HDMI類,HDMI2.1,TPE-20230816-056,开始后5分钟转白屏幕,等维修,自然磨損,1.0,1.0,,NG
CHV,CHVP2,A31(AFT）,2025-07-23,TypeC類,TypeC3,TPE-20240527-289,"用旧版,FX3要更新",等维修,自然磨損,1.0,1.0,,NG
CHV,CHVP2,A31(AFT）,2025-07-24,DP類,DP1.4,TPE-20210623-001,SD卡疑似接觸不良,重新插拔後拿膠带固定SD卡,自然磨損,1.0,0.5,,OK
CHV,CHVP2,A31(AFT）,2025-07-24,DP類,DP1.4,TPE-20210623-089,SD卡疑似接觸不良,重新插拔後拿膠带固定SD卡,自然磨損,1.0,0.5,,OK
CHV,CHVP2,A31(AFT）,2025-07-24,DP類,DP1.4,TPE-20210623-012,SD卡疑似接觸不良,重新插拔後拿膠带固定SD卡,自然磨損,1.0,0.5,,OK
CHV,CHVP2,A31(AFT）,2025-07-24,HDMI類,HDMI2.1,TPE-20230816-059,接口損壞,换接口,自然磨損,1.0,3.0,,OK
CHV,CHVP2,A31(AFT）,2025-07-25,DP類,DP1.4,TPE-20230426-054,接口損壞,换接口,自然磨損,1.0,2.5,,OK
CHV,CHVP2,A31(AFT）,2025-08-02,TypeC類,TypeC2,TPE-20210315-026,接口損壞,换接口,自然磨損,1.0,1.5,,OK
CHV,CHVP2,A31(AFT）,2025-08-02,TypeC類,TypeC2,TPE-20210315-041,接口損壞,换接口,自然磨損,1.0,1.5,,OK
CHV,CHVP2,A31(AFT）,2025-08-02,TypeC類,TypeC2,TPE-20210315-020,接口損壞,换接口,自然磨損,1.0,1.5,,OK
CHV,CHVP2,A31(AFT）,2025-08-08,DP類,DP1.4,TPE-20210623-004,SD卡疑似接觸不良,重新插拔後拿膠带固定SD卡,自然磨損,1.0,0.5,,OK
CHV,CHVP2,A31(AFT）,2025-08-08,TypeC類,TypeC2,TPE-20221205-053,接口損壞(pin pab 不好),换接口,自然磨損,1.0,1.5,,OK
CHV,CHVP2,A31(AFT）,2025-08-08,TypeC類,TypeC2,TPE-20210315-003,接口損壞,换接口,自然磨損,1.0,1.5,,OK
CHV,CHVP2,A31(AFT）,2025-08-08,TypeC類,TypeC2,TPE-20221205-244,接口損壞(pin pab 不好),换接口,自然磨損,1.0,1.5,,OK
CHV,CHVP2,A31(AFT）,2025-08-08,TypeC類,TypeC3,TPE-20240527-198,Fail 3.0 Bulk,更新FX3,自然磨損,1.0,1.5,,OK
CHV,CHVP2,A31(AFT）,2025-08-08,TypeC類,DUDC Plus,TPE-20250516-022,不开始,scan 用13版本测试ok,自然磨損,1.0,1.0,,OK
CHV,CHVP2,A31(AFT）,2025-08-08,TypeC類,DUDC Plus,TPE-20250516-101,FAIL TOP 3.2 GEN2,等维修,自然磨損,1.0,1.0,,NG
CHV,CHVP2,A31(AFT）,2025-08-09,TypeC類,TypeC2,TPE-20210315-002,接口損壞(pin pab 不好),"换接口,rework barrel",自然磨損,1.0,2.0,,OK
CHV,CHVP2,A31(AFT）,2025-08-09,TypeC類,TypeC2,TPE-20221205-089,接口損壞(pin pab 不好),换接口,自然磨損,1.0,1.5,,OK
CHV,CHVP2,A31(AFT）,2025-08-09,TypeC類,TypeC2,TPE-20221205-268,接口損壞(pin pab 不好),换接口,自然磨損,1.0,1.5,,OK
CHV,CHVP2,A31(AFT）,2025-08-09,TypeC類,TypeC2,TPE-20221205-241,全部pin pab 壞了,报废,自然磨損,1.0,0.5,,报废
CHV,CHVP2,A31(AFT）,2025-08-09,TypeC類,TypeC2,TPE-20210315-130,接口損壞(pin pab 不好),"换接口,rework barrel",自然磨損,1.0,2.0,,OK
CHV,CHVP2,A31(AFT）,2025-08-11,TypeC類,TypeC2,TPE-20210315-015,全部pin pab 壞了,报废,自然磨損,1.0,0.5,,报废
CHV,CHVP2,A31(AFT）,2025-08-11,TypeC類,TypeC2,TPE-20221205-256,全部pin pab 壞了,报废,自然磨損,1.0,0.5,,报废
CHV,CHVP2,A31(AFT）,2025-08-11,TypeC類,TypeC2,TPE-20221205-262,接口損壞(pin pab 不好),换接口,自然磨損,1.0,1.5,,OK
CHV,CHVP2,A31(AFT）,2025-08-11,TypeC類,TypeC2,TPE-20210315-055,全部pin pab 壞了,报废,自然磨損,1.0,0.5,,报废
CHV,CHVP2,A31(AFT）,2025-08-11,TypeC類,TypeC2,TPE-20210315-024,全部pin pab 壞了,报废,自然磨損,1.0,0.5,,报废
CHV,CHVP2,A31(AFT）,2025-08-11,HDMI類,HDMI2.1,TPE-20230425-089,"no power,电容短路",把电容,自然磨損,1.0,1.0,,OK
CHV,CHVP2,A31(AFT）,2025-08-11,TypeC類,TypeC2,TPE-20221205-091,接口損壞(pin pab 不好),换接口,自然磨損,1.0,1.5,,OK
CHV,CHVP2,A31(AFT）,2025-08-11,TypeC類,TypeC2,TPE-20221205-280,全部pin pab 壞了,报废,自然磨損,1.0,0.5,,报废
CHV,CHVP2,A31(AFT）,2025-08-11,TypeC類,TypeC2,TPE-20221205-112,接口損壞,换接口,自然磨損,1.0,1.5,,OK
CHV,CHVP2,A31(AFT）,2025-08-11,TypeC類,TypeC2,TPE-20210315-120,接口損壞,"换接口,rework barrel",自然磨損,1.0,1.5,,OK
CHV,CHVP2,A31(SMT）,2025-08-12,TypeC類,TypeC2,TPE-20210315-057,接口損壞,"换接口,rework barrel",自然磨損,1.0,2.0,,OK
CHV,CHVP2,A31(SMT）,2025-08-12,TypeC類,TypeC2,TPE-20221205-225,接口損壞,换接口,自然磨損,1.0,1.5,,OK
CHV,CHVP2,A31(SMT）,2025-08-12,TypeC類,TypeC2,TPE-20221205-261,接口損壞,换接口,自然磨損,1.0,1.5,,OK
CHV,CHVP2,A31(SMT）,2025-08-12,HDMI類,HDMI2.0,TPE-20201109-004,更新06ROM,更新06ROM,自然磨損,1.0,1.0,,OK
CHV,CHVP2,A31(SMT）,2025-08-12,HDMI類,HDMI2.0,TPE-20221121-118,更新06ROM,更新06ROM,自然磨損,1.0,1.0,,OK
CHV,CHVP2,A31(SMT）,2025-08-12,DP類,DP1.4,TPE-20210624-025,LCD IC跟上蓋外殼短路,贴膠带固定,自然磨損,1.0,0.5,,OK
CHV,CHVP2,A31(AFT）,2025-08-13,TypeC類,TypeC2,TPE-20221205-252,"接口損壞,不开始",等分析,自然磨損,1.0,3.0,,NG
CHV,CHVP2,A31(AFT）,2025-08-13,TypeC類,TypeC2,TPE-20210315-093,接口損壞,"换接口,rework barrel",自然磨損,1.0,1.5,,OK
CHV,CHVP2,A31(AFT）,2025-08-13,TypeC類,TypeC2,TPE-20221202-086,接口損壞,"换接口,rework barrel",自然磨損,1.0,1.5,,OK
CHV,CHVP2,A31(AFT）,2025-08-13,HDMI類,HDMI2.0,TPE-20191014-175,更新06ROM,更新06ROM,自然磨損,1.0,1.0,,OK
CHV,CHVP2,A31(SMT）,2025-08-14,DP類,DP1.4,TPE-20230624-050,LCD 白屏幕,更新2.3.4版本a版,自然磨損,1.0,1.0,,OK
CHV,CHVP2,A31(SMT）,2025-08-14,USB類,簡易USB,KS-20190828-121,没有USB2.0,换IC USU14,自然磨損,1.0,1.5,,OK
CHV,CHVP2,A31(AFT）,2025-08-14,TypeC類,TypeC2,TPE-20210315-273,接口損壞,"换接口,rework barrel",自然磨損,1.0,1.5,,OK
CHV,CHVP2,A31(AFT）,2025-08-14,TypeC類,TypeC2,TPE-20221205-066,接口損壞,换接口,自然磨損,1.0,1.5,,OK
CHV,CHVP2,A31(AFT）,2025-08-15,TypeC類,TypeC2,TPE-20221205-252,接口損壞,"换接口,更新28ROM",自然磨損,1.0,1.5,,OK
CHV,CHVP2,A31(AFT）,2025-08-15,USB類,簡易USB,KS-20190828-226,接口損壞,换接口,自然磨損,1.0,1.0,,OK
CHV,CHVP2,A31(AFT）,2025-08-15,USB類,簡易USB,KS-20190828-227,接口損壞,换接口,自然磨損,1.0,1.0,,OK
CHV,CHVP2,A31(AFT）,2025-08-15,TypeC類,TypeC2,TPE-20210315-088,接口損壞,"换接口,rework barrel",自然磨損,1.0,1.5,,OK
CHV,CHVP2,A31(AFT）,2025-08-20,TypeC類,TypeC2,TPE-20210315-040,接口損壞,"换接口,rework barrel",自然磨損,1.0,1.5,,OK
CHV,CHVP2,A31(AFT）,2025-08-20,TypeC類,TypeC3 Plus,TPE-20250417-176,fail charge test,"NTF pass,可能产线用Adapter不对",自然磨損,1.0,1.0,,OK
CHV,CHVP2,A31(AFT）,2025-08-21,TypeC類,TypeC2,TPE-20221205-226,接口損壞,换接口,自然磨損,1.0,1.5,,OK
CHV,CHVP2,A31(AFT）,2025-08-21,TypeC類,TypeC2,TPE-20210315-125,接口損壞,"换接口,rework barrel",自然磨損,1.0,1.5,,OK
CHV,CHVP2,A31(AFT）,2025-08-21,TypeC類,TypeC2,TPE-20210315-003,接口損壞,"换接口,rework barrel",自然磨損,1.0,1.5,,OK
CHV,CHVP2,A31(AFT）,2025-08-22,TypeC類,TypeC2,TPE-20210315-047,接口損壞,"换接口,rework barrel",自然磨損,1.0,1.5,,OK
CHV,CHVP2,A31(AFT）,2025-08-22,TypeC類,TypeC2,TPE-20221205-259,接口損壞,换接口,自然磨損,1.0,1.5,,OK
CHV,CHVP2,A31(AFT）,2025-08-22,TypeC類,TypeC2,TPE-20210315-025,接口損壞,"换接口,rework barrel",自然磨損,1.0,1.5,,OK
CHV,CHVP2,A31(AFT）,2025-08-22,TypeC類,TypeC3,TPE-20240527-253,ESD 損壞,加换新ESD,自然磨損,1.0,1.5,,OK
CHV,CHVP2,A31(AFT）,2025-08-25,TypeC類,TypeC3,TPE-20240527-277,更新FX3,更新FX3,自然磨損,1.0,1.0,,OK
CHV,CHVP2,A31(AFT）,2025-08-25,TypeC類,TypeC3,TPE-20240527-058,更新FX3,更新FX3,自然磨損,1.0,1.0,,OK
CHV,CHVP2,A31(AFT）,2025-08-25,TypeC類,TypeC3,TPE-20240527-127,更新4.90.3 版本,更新4.90.3 版本,自然磨損,1.0,1.0,,OK
CHV,CHVP2,A31(AFT）,2025-08-25,TypeC類,TypeC3,TPE-20240527-258,更新FX3,更新FX3,自然磨損,1.0,1.0,,OK
CHV,CHVP2,A31(AFT）,2025-08-25,TypeC類,TypeC3,TPE-20240527-175,更新4.90.3 版本,更新4.90.3 版本,自然磨損,1.0,1.0,,OK
CHV,CHVP2,A31(AFT）,2025-08-25,TypeC類,TypeC3,TPE-20240527-289,更新FX3,更新FX3,自然磨損,1.0,1.0,,OK
CHV,CHVP2,A31(AFT）,2025-08-25,TypeC類,TypeC3,TPE-20240527-238,更新FX3,更新FX3,自然磨損,1.0,1.0,,OK
CHV,CHVP2,A31(AFT）,2025-08-25,TypeC類,TypeC3,TPE-20240527-204,更新FX3,更新FX3,自然磨損,1.0,1.0,,OK
CHV,CHVP2,A31(AFT）,2025-08-26,VSB類,VSB DP,TPE-20250326-027,接续不良,重焊接,自然磨損,1.0,1.5,,OK
CHV,CHVP2,A31(AFT）,2025-08-26,TypeC類,TypeC3,TPE-20240527-175,更新FX3,更新FX3,自然磨損,1.0,1.0,,OK
CHV,CHVP2,A31(AFT）,2025-08-26,TypeC類,TypeC3,TPE-20240527-227,更新FX3,更新FX3,自然磨損,1.0,1.0,,OK
CHV,CHVP2,A31(AFT）,2025-08-26,TypeC類,TypeC3 Plus,TPE-20250417-112,NTF,NTF,自然磨損,1.0,0.5,,OK
CHV,CHVP2,A31(AFT）,2025-08-26,HDMI類,HDMI2.1,NO SN,No Moniter,换接口，换SPQ7,自然磨損,1.0,2.0,,OK
CHV,CHVP2,A31(AFT）,2025-08-27,TypeC類,TypeC2,TPE-20210315-103,接口損壞,"换接口,rework barrel",自然磨損,1.0,1.5,,OK
CHV,CHVP2,A31(AFT）,2025-08-27,DP類,DP1.1,TPE-20191104-108,接口損壞,换接口,自然磨損,1.0,2.0,,OK
CHV,CHVP2,A31(AFT）,2025-08-29,TypeC類,TypeC3,TPE-20240527-190,更新FX3,更新FX3,自然磨損,1.0,1.0,,OK
CHV,CHVP2,A31(AFT）,2025-08-29,DP類,DP1.1,TPE-20190107-DP-55,接口損壞,换接口,自然磨損,1.0,1.5,,OK
CHV,CHVP2,A31(AFT）,2025-08-29,DP類,DP1.1,TPE-20191104-073,接口損壞,换接口,自然磨損,1.0,1.5,,OK
CHV,CHVP2,A31(AFT）,2025-08-29,DP類,DP1.1,TPE-20191104-022,接口損壞,换接口,自然磨損,1.0,1.5,,OK
CHV,CHVP2,A31(AFT）,2025-08-29,DP類,DP1.1,TPE-20191016-567,接口損壞,换接口,自然磨損,1.0,1.5,,OK
CHV,CHVP2,A31(AFT）,2025-08-29,DP類,DP1.1,TPE-20191016-658,接口損壞,换接口,自然磨損,1.0,1.5,,OK
CHV,CHVP2,A31(AFT）,2025-08-29,DP類,DP1.1,TPE-20191016-649,接口損壞,换接口,自然磨損,1.0,1.5,,OK
CHV,CHVP2,A31(AFT）,2025-08-30,TypeC類,TypeC2,TPE-20221205-036,接口損壞,换接口,自然磨損,1.0,1.5,,OK
CHV,CHVP2,A31(AFT）,2025-08-30,DP類,DP1.1,TPE-20191016-581,接口損壞,换接口,自然磨損,1.0,1.5,,OK
CHV,CHVP2,A31(AFT）,2025-08-30,DP類,DP1.1,TPE-20191016-620,接口損壞,换接口,自然磨損,1.0,1.5,,OK
CHV,CHVP2,A31(AFT）,2025-09-01,HDMI類,HDMI2.0,TPE-20230822-009,No Moniter,换接口,自然磨損,1.0,2.0,,OK
CHV,CHVP2,A31(AFT）,2025-09-01,TypeC類,TypeC2,TPE-20210315-045,"不开始,用旧版","换接口,rework barrel",自然磨損,1.0,2.0,,OK
CHV,CHVP2,A31(AFT）,2025-09-01,TypeC類,TypeC3,TPE-20240527-263,更新FX3,更新FX3,自然磨損,1.0,1.0,,OK
CHV,CHVP2,A31(AFT）,2025-09-01,TypeC類,TypeC3,TPE-20240527-288,更新FX3,更新FX3,自然磨損,1.0,1.0,,OK
CHV,CHVP2,A31(AFT）,2025-09-02,TypeC類,TypeC2,TPE-20210315-298,接口損壞,"换接口,rework barrel",自然磨損,1.0,2.0,,OK
CHV,CHVP2,A31(AFT）,2025-09-02,TypeC類,TypeC2,TPE-20221205-179,不开始,更新28ROM版本,自然磨損,1.0,1.0,,OK
CHV,CHVP2,A31(AFT）,2025-09-03,TypeC類,TypeC2,TPE-20210315-054,"接口損壞,pin pad notgood",换接口，跳线,自然磨損,1.0,2.0,,OK
CHV,CHVP2,A31(AFT）,2025-09-03,TypeC類,TypeC2,TPE-20210315-036,"接口損壞,pin pad notgood",换接口，跳线,自然磨損,1.0,2.0,,OK
CHV,CHVP2,A31(AFT）,2025-09-03,TypeC類,TypeC3 Plus,TPE-20250417-026,"NTF,用SW10版本测试Fail",NTF，用SW17版本测试pass,自然磨損,1.0,1.0,,OK
CHV,CHVP2,A31(AFT）,2025-09-04,TypeC類,TypeC2,TPE-20221205-183,不开始,更新28ROM版本,自然磨損,1.0,1.0,,OK
CHV,CHVP2,A31(AFT）,2025-09-04,TypeC類,TypeC2,TPE-20221205-224,"接口損壞,pin pad not good","换接口,跳线",自然磨損,1.0,2.0,,OK
CHV,CHVP2,A31(AFT）,2025-09-04,TypeC類,TypeC2,TPE-20210315-120,接口損壞,"换接口,rework barrel",自然磨損,1.0,2.0,,OK
CHV,CHVP2,A31(AFT）,2025-09-04,TypeC類,TypeC2,TPE-20221205-204,用20ROM,更新28ROM版本,自然磨損,1.0,1.0,,OK
CHV,CHVP2,A31(AFT）,2025-09-04,TypeC類,TypeC2,TPE-20210315-037,"接口損壞,用26ROM,Pin pad NG","换接口,rework barrel,跳线",自然磨損,1.0,2.0,,OK
CHV,CHVP2,A31(AFT）,2025-09-08,TypeC類,TypeC2,TPE-20210315-093,接口損壞,"换接口,rework barrel",自然磨損,1.0,2.0,,OK
CHV,CHVP2,A31(AFT）,2025-09-08,TypeC類,TypeC2,TPE-20210315-103,接口損壞,"换接口,rework barrel",自然磨損,1.0,2.0,,OK
CHV,CHVP2,A31(AFT）,2025-09-08,TypeC類,TypeC2,TPE-20210315-082,接口損壞,"换接口,rework barrel",自然磨損,1.0,2.0,,OK
CHV,CHVP2,A31(AFT）,2025-09-08,DP類,DP1.4,TPE-20210623-088,EDID mode:UNKNOW,换SD卡，更新2.3.4c版本,自然磨損,1.0,1.0,,OK
CHV,CHVP2,A31(AFT）,2025-09-08,TypeC類,TypeC2,TPE-20221205-251,"接口損壞,pin pad not good","换接口,跳线",自然磨損,1.0,1.5,,OK
CHV,CHVP2,A31(AFT）,2025-09-08,TypeC類,TypeC2,TPE-20221205-175,pin pad not good,跳线,自然磨損,1.0,1.5,,OK
CHV,CHVP2,A31(AFT）,2025-09-09,TypeC類,TypeC2,TPE-20210315-125,接口損壞,"换接口,rework barrel",自然磨損,1.0,2.0,,OK
CHV,CHVP2,A31(AFT）,2025-09-09,TypeC類,TypeC2,TPE-20210315-002,pin pad not good,不能修,自然磨損,1.0,0.5,,报废
CHV,CHVP2,A31(AFT）,2025-09-09,TypeC類,TypeC2,TPE-20221205-274,pin pad not good,跳线,自然磨損,1.0,1.5,,OK
CHV,CHVP2,A31(AFT）,2025-09-09,TypeC類,TypeC2,TPE-20221205-223,用旧版18ROM,更新28ROM版本,自然磨損,1.0,1.5,,OK
CHV,CHVP2,A31(AFT）,2025-09-10,HDMI類,HDMI2.1,TPE-20230816-058,No Moniter,换IC HDMI U2,自然磨損,1.0,2.0,,OK
CHV,CHVP2,A31(AFT）,2025-09-10,TypeC類,TypeC3,TPE-20240527-123,用旧版,更新FW4.90.3 版本,自然磨損,1.0,1.0,,OK
CHV,CHVP2,A31(AFT）,2025-09-10,TypeC類,TypeC3,TPE-20240527-277,Charge fail,重测PASS可能NB battery 不够,自然磨損,1.0,1.0,,OK
CHV,CHVP2,A31(AFT）,2025-09-10,TypeC類,TypeC3,TPE-20240527-051,插入後無法識別的錯誤紙條,重测PASS,自然磨損,1.0,1.0,,OK
CHV,CHVP2,A31(AFT）,2025-09-10,TypeC類,TypeC3,TPE-20240527-017,TBT Fail,更换SSD卡,自然磨損,1.0,1.5,,OK
CHV,CHVP2,A31(AFT）,2025-09-11,TypeC類,TypeC3,TPE-20240527-129,不开始,更新FW,自然磨損,1.0,1.0,,OK
CHV,CHVP2,A31(AFT）,2025-09-11,TypeC類,TypeC3,TPE-20240130-056,usbview看bottom面没有,换USD26,自然磨損,1.0,6.0,,OK
CHV,CHVP2,A31(AFT）,2025-09-15,HDMI類,HDMI2.1,TPE-20230425-082,"no power,电容短路",把电容,自然磨損,1.0,1.5,,OK
CHV,CHVP2,A31(AFT）,2025-09-15,TypeC類,TypeC3,TPE-20240527-027,不开始,更新FW,自然磨損,1.0,1.0,,OK
CHV,CHVP2,A31(AFT）,2025-09-22,TypeC類,TypeC3,TPE-20240527-054,不开始,更新FW4.90.3 版本,自然磨損,1.0,1.0,,OK
CHV,CHVP2,A31(AFT）,2025-09-22,TypeC類,TypeC3,TPE-20240527-162,用旧版,更新FW4.90.3 版本,自然磨損,1.0,1.0,,OK
CHV,CHVP2,A31(AFT）,2025-09-22,TypeC類,TypeC3,TPE-20240527-137,用旧版,更新FW4.90.3 版本,自然磨損,1.0,1.0,,OK
CHV,CHVP2,A31(AFT）,2025-09-22,TypeC類,TypeC3,TPE-20240527-260,用旧版,更新FW4.90.3 版本,自然磨損,1.0,1.0,,OK
CHV,CHVP2,A31(AFT）,2025-09-22,TypeC類,TypeC3,TPE-20240527-210,用旧版,更新FW4.90.3 版本,自然磨損,1.0,1.0,,OK
CHV,CHVP2,A31(AFT）,2025-09-22,TypeC類,TypeC3,TPE-20240527-272,用旧版,更新FW4.90.3 版本,自然磨損,1.0,1.0,,OK
CHV,CHVP2,A31(SMT）,2025-09-25,DP類,DP1.4,TPE-20250411-009,EDID mode:UNKNOW,换SD卡，更新2.3.4a版本,自然磨損,1.0,1.0,,OK
CHV,CHVP2,A31(SMT）,2025-09-25,DP類,DP1.4,TPE-20250411-005,EDID mode:UNKNOW,换SD卡，更新2.3.4a版本,自然磨損,1.0,1.0,,OK
CHV,CHVP2,A31(SMT）,2025-09-25,DP類,DP1.4,TPE-20250411-013,EDID mode:UNKNOW,换SD卡，更新2.3.4a版本,自然磨損,1.0,1.0,,OK
CHV,CHVP2,A31(SMT）,2025-09-25,TypeC類,TypeC3,TPE-20240527-125,用旧版,更新FW4.90.3 版本,自然磨損,1.0,1.0,,OK
CHV,CHVP2,A31(SMT）,2025-09-25,IO類,Openshort2,TPE-20230505-045,不开始,按钮没有接地,自然磨損,1.0,1.0,,OK
CHV,CHVP2,A31(SMT）,2025-09-25,HDMI類,HDMI2.1,TPE-20220815-058,用旧版,更新3.6.20B版本,自然磨損,1.0,1.0,,OK
CHV,CHVP2,A31(SMT）,2025-09-26,DP類,DP1.1,TPE-20191104-089,接口損壞,换接口,自然磨損,1.0,1.0,,OK
CHV,CHVP2,A31(SMT）,2025-09-26,DP類,DP1.1,TPE-20191104-006,接口損壞,换接口,自然磨損,1.0,1.0,,OK
CHV,CHVP2,A31(SMT）,2025-09-26,DP類,DP1.1,TPE-20191104-069,接口損壞,换接口,自然磨損,1.0,1.0,,OK
CHV,CHVP2,A31(SMT）,2025-09-26,DP類,DP1.1,TPE-20191104-083,接口損壞,换接口,自然磨損,1.0,1.0,,OK
CHV,CHVP2,A31(SMT）,2025-09-29,TypeC類,TypeC2,TPE-20210315-128,接口損壞,换接口，rework barrel,自然磨損,1.0,2.0,,OK
CHV,CHVP2,A31(SMT）,2025-09-29,TypeC類,TypeC2,TPE-20210315-110,接口損壞,换接口，rework barrel,自然磨損,1.0,2.0,,OK
CHV,CHVP2,A31(SMT）,2025-09-29,TypeC類,TypeC2,TPE-20221205-077,接口損壞,换接口,自然磨損,1.0,1.5,,OK
CHV,CHVP2,A31(SMT）,2025-09-29,TypeC類,TypeC3 Plus,TPE-20250211-108,"ESD,接口損壞","换ESD,接口",自然磨損,1.0,4.0,,OK
CHV,CHVP2,A31(AFT）,2025-09-30,TypeC類,TypeC3 Plus,TPE-20250417-176,1 个port不开始,更新SN,自然磨損,1.0,1.0,,OK
CHV,CHVP2,A31(AFT）,2025-09-30,TypeC類,TypeC3 Plus,TPE-20250417-004,NTF,NTF,自然磨損,1.0,1.0,,OK
CHV,CHVP2,A31(AFT）,2025-09-30,TypeC類,TypeC3 Plus,TPE-20250417-175,NTF,NTF,自然磨損,1.0,1.0,,OK
CHV,CHVP2,A31(AFT）,2025-09-30,HDMI類,HDMI2.0,TPE-20230822-085,IC TMDS181 損壞,换IC ,自然磨損,1.0,1.0,,OK
CHV,CHVP2,A31(AFT）,2025-10-01,TypeC類,TypeC2,TPE-20221205-190,接口損壞,换接口,自然磨損,1.0,1.5,,OK
CHV,CHVP2,A31(AFT）,2025-10-01,VSB類,VSB DP,TPE-20250213-072,接口接续不好,重焊接,自然磨損,1.0,1.5,,OK
CHV,CHVP2,A31(AFT）,2025-10-01,TypeC類,TypeC2,TPE-20221205-276,"接口損壞,pin pad notgood",换接口,自然磨損,1.0,1.5,,OK
CHV,CHVP2,A31(AFT）,2025-10-01,TypeC類,TypeC2,TPE-20210315-036,"接口損壞,pin pad notgood",换接口,自然磨損,1.0,1.5,,OK
CHV,CHVP2,A31(AFT）,2025-10-02,TypeC類,TypeC3,TPE-20240527-167,JSSD1 pin pad 被氧化->TBT Fail,清理一下,自然磨損,1.0,1.5,,OK
CHV,CHVP2,A31(AFT）,2025-10-02,TypeC類,TypeC3,TPE-20240527-134,JSSD1 pin pad 被氧化->TBT Fail,清理一下,自然磨損,1.0,1.5,,OK
CHV,CHVP2,A31(AFT）,2025-10-02,TypeC類,TypeC3,TPE-20240527-257,"failEDID,4K,TBT 由背面没有信号3.0",已经换接口，IC SWU14→NG,自然磨損,1.0,3.0,,等修复
CHV,CHVP2,A31(AFT）,2025-10-03,TypeC類,TypeC3 Plus,TPE-20250417-052,可能产线用Type-C线不对,重测 pass,自然磨損,1.0,1.0,,OK
CHV,CHVP2,A31(AFT）,2025-10-03,TypeC類,TypeC3,TPE-20240527-157,NTF,重测 pass,自然磨損,1.0,1.0,,OK
CHV,CHVP2,A31(AFT）,2025-10-03,HDMI類,HDMI2.0,TPE-20230822-057,IC TMDS181 損壞,换IC ,自然磨損,1.0,1.0,,OK
CHV,CHVP2,A31(AFT）,2025-10-03,TypeC類,TypeC2,TPE-20221205-093,"接口損壞,pin pad notgood","换接口,跳线",自然磨損,1.0,1.5,,OK
CHV,CHVP2,A31(AFT）,2025-10-07,TypeC類,TypeC3 Plus,TPE-20250417-175,KDB10 测试Fail,重测 pass,自然磨損,1.0,1.0,,OK
CHV,CHVP2,A31(AFT）,2025-10-07,TypeC類,TypeC3 Plus,TPE-20250417-155,KDB10 测试Fail,重测 pass,自然磨損,1.0,1.0,,OK
CHV,CHVP2,A31(AFT）,2025-10-07,TypeC類,TypeC3 Plus,TPE-20250417-204,KDB10 测试Fail,重测 pass,自然磨損,1.0,1.0,,OK
CHV,CHVP2,A31(AFT）,2025-10-07,TypeC類,TypeC3 Plus,TPE-20250417-141,KDB10 测试Fail,重测 pass,自然磨損,1.0,1.0,,OK
CHV,CHVP2,A31(AFT）,2025-10-07,TypeC類,TypeC3 Plus,TPE-20250211-026,KDB10 测试Fail,重测 pass,自然磨損,1.0,1.0,,OK
CHV,CHVP2,A31(AFT）,2025-10-09,TypeC類,TypeC3 Plus,TPE-20250417-141,KDB10 测试Fail,重测 pass,自然磨損,1.0,1.0,,OK
CHV,CHVP2,A31(AFT）,2025-10-09,TypeC類,TypeC3,TPE-20230710-075,用旧版,更新4.90.3 版本,自然磨損,1.0,1.5,,OK
CHV,CHVP2,A31(AFT）,2025-10-09,TypeC類,TypeC2,TPE-20221205-268,"接口損壞,pin pad notgood","换接口,跳线-->>NG",自然磨損,1.0,1.0,,报废
CHV,CHVP2,A31(AFT）,2025-10-13,TypeC類,TypeC3,TPE-20230710-279,用旧版,更新4.90.3 版本,自然磨損,1.0,1.5,,OK
CHV,CHVP2,A31(AFT）,2025-10-13,VSB類,VSB DP,TPE-20250102-041,接口接续不好,重焊接,自然磨損,1.0,1.5,,OK
CHV,CHVP2,A31(AFT）,2025-10-13,DP類,DP1.4,TPE-20210623-099,白屏,换case卡,自然磨損,1.0,1.0,,OK
CHV,CHVP2,A31(AFT）,2025-10-15,DP類,DP1.4,TPE-20210623-012,白屏,卡接续不良，重插卡,自然磨損,1.0,1.0,,OK
CHV,CHVP2,A31(AFT）,2025-10-15,HDMI類,HDMI2.1,TPE-20230425-014,白屏,卡接续不良，重插卡,自然磨損,1.0,1.0,,OK
CHV,CHVP2,A31(AFT）,2025-10-15,TypeC類,TypeC3 Plus,TPE-20250417-237,右面不开始,更新SN,自然磨損,1.0,1.0,,OK
CHV,CHVP2,A31(AFT）,2025-10-20,TypeC類,TypeC2,TPE-20221205-224,"接口損壞,pin pad notgood","换接口,跳线",自然磨損,1.0,2.0,,OK
CHV,CHVP2,A31(AFT）,2025-10-20,TypeC類,TypeC2,TPE-20210315-023,接口損壞,"换接口,rework barrel",自然磨損,1.0,2.0,,OK
CHV,CHVP2,A31(AFT）,2025-10-20,TypeC類,TypeC2,TPE-20210315-125,接口損壞,换接口,自然磨損,1.0,1.5,,OK
CHV,CHVP2,A31(AFT）,2025-10-20,TypeC類,TypeC2,TPE-20221205-052,"接口損壞,pin pad notgood","换接口,跳线",自然磨損,1.0,2.0,,OK
CHV,CHVP2,A31(AFT）,2025-10-20,TypeC類,TypeC2,TPE-20221205-081,"接口損壞,pin pad notgood","换接口,跳线",自然磨損,1.0,2.0,,OK
CHV,CHVP2,A31(AFT）,2025-10-20,TypeC類,TypeC2,TPE-20210315-278,接口損壞,"换接口,rework barrel,更新FW",自然磨損,1.0,1.5,,OK
CHV,CHVP4,ABO区,2025-10-21,TypeC類,TypeC3 Plus,TPE-20250417-172,"1个PORT ok,1个port NG","要换ESD,SWQ39,IC U45",自然磨損,1.0,1.0,,等修复
CHV,CHVP4,ABO区,2025-10-21,TypeC類,TypeC3 Plus,TPE-20250417-160,两个PORT ESD 烧掉,"换ESD,电阻,IC SWU12-20",自然磨損,1.0,1.0,,OK
CHV,CHVP4,ABO区,2025-10-21,TypeC類,TypeC3 Plus,TPE-20250417-234,两个PORT ESD 烧掉,"换ESD,电阻,IC SWU12-20",自然磨損,1.0,1.0,,OK
CHV,CHVP4,ABO区,2025-10-21,TypeC類,TypeC3 Plus,TPE-20250417-008,两个PORT ESD 烧掉,"换ESD,电阻,IC SWU12-20",自然磨損,1.0,1.0,,OK
CHV,CHVP4,ABO区,2025-10-21,TypeC類,TypeC3 Plus,TPE-20250417-010,两个PORT ESD 烧掉,"换ESD,电阻,IC SWU12-20,U45",自然磨損,1.0,1.0,,OK
CHV,CHVP4,ABO区,2025-10-21,TypeC類,TypeC3 Plus,TPE-20250417-206,两个PORT ESD 烧掉,"换ESD,电阻,IC SWU12-20",自然磨損,1.0,1.0,,OK
CHV,CHVP4,ABO区,2025-10-21,TypeC類,TypeC3 Plus,TPE-20250417-115,两个PORT ESD 烧掉,"换ESD,电阻,IC SWU12-20",自然磨損,1.0,1.0,,OK
CHV,CHVP4,ABO区,2025-10-21,TypeC類,TypeC3 Plus,TPE-20250417-012,两个PORT ESD 烧掉,"换ESD,电阻,IC SWU12-20",自然磨損,1.0,1.0,,OK
CHV,CHVP2,A31(AFT）,2025-10-22,TypeC類,TypeC2,TPE-20210315-086,接口損壞,"换接口,rework barrel,更新FW",自然磨損,1.0,2.0,,OK
CHV,CHVP2,A31(AFT）,2025-10-22,TypeC類,TypeC2,TPE-20210315-056,"接口損壞,pin pad notgood","换接口,跳线",自然磨損,1.0,2.0,,OK
CHV,CHVP2,A31(AFT）,2025-10-22,TypeC類,TypeC2,TPE-20210315-084,"接口損壞,pin pad notgood","换接口,跳线",自然磨損,1.0,2.0,,OK
CHV,CHVP2,A31(AFT）,2025-10-23,TypeC類,TypeC2,TPE-20210315-026,接口損壞,"换接口,rework barrel",自然磨損,1.0,2.0,,OK
CHV,CHVP2,A31(AFT）,2025-10-27,VSB類,VSB DP,TPE-20250102-055,接口損壞,换接口,自然磨損,1.0,1.5,,OK
CHV,CHVP2,A31(AFT）,2025-10-27,VSB類,VSB DP,TPE-20250102-031,接口損壞,换接口,自然磨損,1.0,1.5,,OK
CHV,CHVP2,A31(AFT）,2025-10-28,TypeC類,TypeC3 Plus,TPE-20250211-140,用旧版,更新FW 3.00版本,自然磨損,1.0,1.0,,OK
CHV,CHVP2,A31(AFT）,2025-10-28,TypeC類,TypeC3 Plus,TPE-20250211-106,test fail TBT,等换IC U26,自然磨損,1.0,1.0,,等修复
CHV,CHVP2,A31(AFT）,2025-10-29,TypeC類,TypeC3 Plus,TPE-20250417-009,没有信号2.0/3.0,换MXU1,自然磨損,1.0,2.0,,OK
CHV,CHVP2,A31(AFT）,2025-10-31,TypeC類,TypeC3 Plus,TPE-20250417-081,Fail 3.2 speed,换U盘,自然磨損,1.0,2.0,,OK
CHV,CHVP2,A31(AFT）,2025-11-01,HDMI類,HDMI2.1,TPE-20230816-015,白屏,fan connect,自然磨損,1.0,1.0,,OK
CHV,CHVP2,A31(AFT）,2025-11-01,TypeC類,TypeC3 Plus,TPE-20250417-012,Fail 3.2 speed,换U盘,自然磨損,1.0,1.0,,OK
CHV,CHVP2,A31(AFT）,2025-11-04,TypeC類,TypeC3 Plus,TPE-20250417-066,更新FW,更新FW,自然磨損,1.0,1.0,,OK
CHV,CHVP2,A31(AFT）,2025-11-05,TypeC類,TypeC2,TPE-20210315-017,接口損壞,"换接口,rework barrel",自然磨損,1.0,2.0,,OK
CHV,CHVP2,A31(AFT）,2025-11-05,DP類,DP1.4,TPE-20210623-052,白屏,换case卡,自然磨損,1.0,1.0,,OK
CHV,CHVP2,A31(AFT）,2025-11-05,VSB類,VSB DP,TPE-20250213-072,接口接续不好,重焊接,自然磨損,1.0,1.5,,OK
CHV,CHVP2,A31(AFT）,2025-11-14,DUDC類,DUDC Plus,TPE-20250516-153,USB 接口損壞,换接口,可能外力,1.0,1.5,,OK
CHV,CHVP2,A31(AFT）,2025-11-14,DUDC類,DUDC Plus,TPE-20250516-165,USB 接口損壞,换接口,可能外力,1.0,1.5,,OK
CHV,CHVP2,A31(AFT）,2025-11-14,DUDC類,DUDC Plus,TPE-20250516-024,USB 接口損壞,换接口,可能外力,1.0,1.5,,OK
CHV,CHVP2,A31(AFT）,2025-11-14,DUDC類,DUDC Plus,TPE-20250516-178,USB 接口損壞,换接口,可能外力,1.0,1.5,,OK
CHV,CHVP2,A31(AFT）,2025-11-14,DUDC類,DUDC Plus,TPE-20250516-123,USB 接口損壞,换接口,可能外力,1.0,1.5,,OK
CHV,CHVP2,A31(AFT）,2025-11-14,DUDC類,DUDC Plus,TPE-20250516-094,USB 接口損壞,换接口,可能外力,1.0,1.5,,OK
CHV,CHVP2,A31(AFT）,2025-11-15,DUDC類,DUDC Plus,TPE-20250516-003,USB 接口損壞,换接口,可能外力,1.0,1.5,,OK
CHV,CHVP2,A31(AFT）,2025-11-15,DUDC類,DUDC Plus,TPE-20250516-014,USB 接口損壞,换接口,可能外力,1.0,1.5,,OK
CHV,CHVP2,A31(AFT）,2025-11-15,DUDC類,DUDC Plus,TPE-20250516-101,fail gen2,换接口 USB,自然磨損,1.0,1.5,,NG
CHV,CHVP2,A31(AFT）,2025-11-17,DUDC類,DUDC Plus,TPE-20250516-005,USB 接口損壞,换接口,可能外力,1.0,1.5,,OK
CHV,CHVP2,A31(AFT）,2025-11-17,DUDC類,DUDC Plus,TPE-20250516-010,USB 接口損壞,换接口,可能外力,1.0,1.5,,OK
CHV,CHVP2,A31(AFT）,2025-11-17,DUDC類,DUDC Plus,TPE-20250516-147,USB 接口損壞,换接口,可能外力,1.0,1.5,,OK
CHV,CHVP2,A31(AFT）,2025-11-17,DUDC類,DUDC Plus,TPE-20250516-087,USB 接口損壞,换接口,可能外力,1.0,1.5,,OK
CHV,CHVP2,A31(AFT）,2025-11-17,DUDC類,DUDC Plus,TPE-20250516-115,USB 接口損壞,换接口,可能外力,1.0,1.5,,OK
CHV,CHVP2,A31(AFT）,2025-11-17,DUDC類,DUDC Plus,TPE-20250516-106,USB 接口損壞,换接口,可能外力,1.0,1.5,,OK
CHV,CHVP2,A31(AFT）,2025-11-17,DUDC類,DUDC Plus,TPE-20250516-015,USB 接口損壞,换接口,可能外力,1.0,1.5,,OK
CHV,CHVP2,A31(AFT）,2025-11-18,TypeC類,TypeC3 Plus,TPE-20250417-057,Fail 3.2 speed,格式化磁盘修复 ,自然磨損,1.0,1.0,,OK
CHV,CHVP2,A31(AFT）,2025-11-18,TypeC類,TypeC3 Plus,TPE-20250417-006,Fail 3.2 speed,格式化磁盘修复 ,自然磨損,1.0,1.0,,OK
CHV,CHVP2,A31(AFT）,2025-11-18,HDMI類,HDMI2.1,TPE-20230816-003,"fail audio,no start",fan cleaning,自然磨損,1.0,1.0,,OK
CHV,CHVP2,A31(SMT）,2025-11-19,TypeC類,TypeC2,TPE-20221205-061,power接口損壞,换接口,自然磨損,1.0,2.0,,OK
CHV,CHVP2,A31(SMT）,2025-11-19,TypeC類,TypeC3 Plus,TPE-20250211-108,"Fail 3.2 speed,fail TBT",换IC U45,自然磨損,1.0,2.0,,OK
CHV,CHVP2,A31(SMT）,2025-11-19,TypeC類,TypeC3 Plus,TPE-2025,更新FW3.00版本,更新FW3.00版本,自然磨損,15.0,8.0,,OK
CHV,CHVP2,A31(AFT）,2025-11-21,DP類,DP1.4,TPE-20210623-093,白屏,"换case卡,更新FW",自然磨損,1.0,1.0,,OK
CHV,CHVP2,A31(AFT）,2025-11-21,USB類,簡易USB,TPE-20221117-421,接口損壞,更換CONN,自然磨損,1.0,1.0,,OK
CHV,CHVP2,A31(AFT）,2025-11-21,USB類,簡易USB,TPE-20221117-386,接口損壞,更換CONN,自然磨損,1.0,1.0,,OK
CHV,CHVP2,A31(AFT）,2025-11-21,USB類,簡易USB,KS-20190828-159,接口損壞,更換CONN,自然磨損,1.0,1.0,,OK
CHV,CHVP2,A31(AFT）,2025-11-24,DUDC類,DUDC Plus,TPE-20250516-126,更新FW,更新最新版1.04D,自然磨損,1.0,1.0,,OK
CHV,CHVP2,A31(AFT）,2025-11-24,DUDC類,DUDC Plus,TPE-20250516-127,更新FW,更新最新版1.04D,自然磨損,1.0,1.0,,OK
CHV,CHVP2,A31(AFT）,2025-11-24,DUDC類,DUDC Plus,TPE-20250516-089,更新FW,更新最新版1.04D,自然磨損,1.0,1.0,,OK
CHV,CHVP2,A31(AFT）,2025-11-24,DUDC類,DUDC Plus,TPE-20250516-013,更新FW,更新最新版1.04D,自然磨損,1.0,1.0,,OK
CHV,CHVP2,A31(AFT）,2025-11-24,DUDC類,DUDC Plus,TPE-20250516-154,更新FW,更新最新版1.04D,自然磨損,1.0,1.0,,OK
CHV,CHVP2,A31(AFT）,2025-11-25,DUDC類,DUDC Plus,TPE-20250516-108,USB 接口損壞,换接口,可能外力,1.0,1.5,,OK
CHV,CHVP2,A31(AFT）,2025-11-26,TypeC類,TypeC3 Plus,TPE-20250417-183,Fail 3.2 speed,格式化磁盘修复 ,自然磨損,1.0,1.0,,OK
CHV,CHVP2,A31(AFT）,2025-11-26,TypeC類,TypeC3 Plus,TPE-20250417-235,Fail 3.2 speed,格式化磁盘修复 ,自然磨損,1.0,1.0,,OK
CHV,CHVP2,A31(AFT）,2025-11-26,TypeC類,TypeC2,TPE-20210315-091,接口損壞,换接口,自然磨損,1.0,1.5,,OK
CHV,CHVP2,A31(AFT）,2025-11-28,TypeC類,TypeC3 Plus,TPE-20250417-006,ASSY O 测试fail 2.0 bulk,改速度成 hight speed,自然磨損,1.0,1.0,,OK
CHV,CHVP2,A31(AFT）,2025-11-28,TypeC類,TypeC3 Plus,TPE-20250417-057,ASSY O 测试fail 2.0 bulk,改速度成 hight speed,自然磨損,1.0,1.0,,OK
CHV,CHVP2,A31(AFT）,2025-11-28,TypeC類,TypeC3,TPE-20240130-055,fail 4K,重更新EDID,自然磨損,1.0,1.0,,OK
CHV,CHVP2,A31(AFT）,2025-12-02,TypeC類,TypeC2,TPE-20210315-084,接口損壞,换接口,自然磨損,1.0,1.5,,OK
CHV,CHVP2,A31(AFT）,2025-12-02,TypeC類,TypeC2,TPE-20210315-297,接口損壞,换接口,自然磨損,1.0,1.5,,OK
CHV,CHVP2,A31(AFT）,2025-12-02,DUDC類,DUDC Plus,TPE-20250516-124,USB 接口損壞,换接口,可能外力,1.0,1.5,,OK
CHV,CHVP2,A31(AFT）,2025-12-02,USB類,簡易USB,TPE-20221117-439,接口損壞,更換CONN,自然磨損,1.0,1.0,,OK
CHV,CHVP2,A31(AFT）,2025-12-02,USB類,簡易USB,TPE-20221117-394,接口損壞,更換CONN,自然磨損,1.0,1.0,,OK
CHV,CHVP2,A31(AFT）,2025-12-04,TypeC類,TypeC2,TPE-20210315-265,接口損壞,"换接口,rework barrel",自然磨損,1.0,2.0,,OK
CHV,CHVP2,A31(AFT）,2025-12-04,TypeC類,TypeC2,TPE-20210315-054,"接口損壞,pin pad notgood","换接口,跳线",自然磨損,1.0,2.0,,OK
CHV,CHVP2,A31(AFT）,2025-12-04,TypeC類,TypeC2,TPE-20210315-278,"接口損壞,pin pad notgood",报废,可能外力,1.0,1.0,,报废
CHV,CHVP2,A31(AFT）,2025-12-04,TypeC類,TypeC2,TPE-20221205-262,"接口損壞,pin pad notgood",报废,自然磨損,1.0,1.0,,报废
CHV,CHVP2,A31(AFT）,2025-12-08,HDMI類,HDMI2.1,TPE-20230425-088,"no power,电容短路",把消PWC91,自然磨損,1.0,2.0,,OK
CHV,CHVP2,A31(AFT）,2025-12-10,TypeC類,TypeC2,TPE-20210315-025,接口損壞,换接口,自然磨損,1.0,1.5,,OK
CHV,CHVP2,A31(AFT）,2025-12-10,TypeC類,TypeC2,TPE-20221205-036,接口損壞,换接口,自然磨損,1.0,1.5,,OK
CHV,CHVP2,A31(AFT）,2025-12-12,TypeC類,TypeC2,TPE-20221205-082,更新FW,更新FW,自然磨損,1.0,1.0,,OK
CHV,CHVP2,A31(AFT）,2025-12-12,HDMI類,HDMI2.0,TPE-20230822-285,更新FW,更新FW,自然磨損,1.0,1.0,,OK
CHV,CHVP2,A31(AFT）,2025-12-12,HDMI類,HDMI2.0,TPE-20230822-035,更新FW,更新FW,自然磨損,1.0,1.0,,OK
CHV,CHVP2,A31(AFT）,2025-12-12,HDMI類,HDMI2.0,TPE-20230822-296,更新FW,更新FW,自然磨損,1.0,1.0,,OK
CHV,CHVP2,A31(SMT）,2025-12-12,TypeC類,USB TypeC,TPE-20190123-134,接口損壞,换接口,自然磨損,1.0,1.0,,OK
CHV,CHVP2,A31(SMT）,2025-12-13,TypeC類,USB TypeC,TPE-20190123-174 ,接口損壞,换接口,自然磨損,1.0,1.0,,OK
CHV,CHVP2,A31(SMT）,2025-12-13,TypeC類,USB TypeC,TPE-20190123-149,接口損壞,换接口,自然磨損,1.0,1.0,,OK
CHV,CHVP2,A31(SMT）,2025-12-13,TypeC類,USB TypeC,TPE-20190123-048,接口損壞,换接口,自然磨損,1.0,1.0,,OK
CHV,CHVP2,A31(SMT）,2025-12-13,TypeC類,USB TypeC,TPE-20190123-073,接口損壞,换接口,自然磨損,1.0,1.0,,OK
CHV,CHVP2,A31(SMT）,2025-12-13,TypeC類,USB TypeC,TPE-20190123-001,接口損壞,"换接口,更新FW",自然磨損,1.0,1.0,,OK
CHV,CHVP2,A31(SMT）,2025-12-13,TypeC類,USB TypeC,TPE-20221206-001,接口損壞,换接口,自然磨損,1.0,1.0,,OK
CHV,CHVP2,A31(SMT）,2025-12-13,TypeC類,USB TypeC,TPE-20190123-219,接口損壞,换接口,自然磨損,1.0,1.0,,OK
CHV,CHVP2,A31(SMT）,2025-12-15,TypeC類,USB TypeC,TPE-20221206-004,接口損壞,换接口，更新FW,自然磨損,1.0,1.0,,OK
CHV,CHVP2,A31(SMT）,2025-12-15,TypeC類,USB TypeC,TPE-20221115-076,接口損壞,换接口，更新FW,自然磨損,1.0,1.0,,OK
CHV,CHVP2,A31(SMT）,2025-12-15,TypeC類,USB TypeC,TPE-20190123-109,接口損壞,"换接口,更新FW",自然磨損,1.0,1.0,,OK
CHV,CHVP2,A31(SMT）,2025-12-16,TypeC類,USB TypeC,TPE-20190123-104 ,接口損壞,"换接口,更新FW",自然磨損,1.0,1.0,,OK
CHV,CHVP2,A31(SMT）,2025-12-16,TypeC類,USB TypeC,TPE-20190123-056,接口損壞,"换接口,更新FW",自然磨損,1.0,1.0,,OK
CHV,CHVP2,A31(SMT）,2025-12-16,TypeC類,TypeC2,TPE-20210315-058,"接口損壞,IC MUXU1 NG",换接口，换IC,自然磨損,1.0,2.0,,OK
CHV,CHVP2,A31(SMT）,2025-12-16,TypeC類,TypeC2,TPE-20221205-108,"接口損壞,IC MUXU1 NG",换接口，换IC,自然磨損,1.0,2.0,,OK
CHV,CHVP2,A31(AFT）,2025-12-18,TypeC類,TypeC3 Plus,TPE-20250211-059,Fail 3.2 speed,格式化磁盘修复 ,自然磨損,1.0,1.0,,OK
CHV,CHVP2,A31(AFT）,2025-12-18,TypeC類,TypeC3 Plus,TPE-20250417-200,没有 VBUS,"换 USD41,49",自然磨損,1.0,2.0,,OK
CHV,CHVP2,A31(AFT）,2025-12-18,TypeC類,TypeC3 Plus,TPE-20250211-157,没有 VBUS,"换 USD41,42,49",自然磨損,1.0,2.0,,OK
CHV,CHVP2,A31(AFT）,2025-12-23,VSB類,VSB DP,TPE-20250102-075,"接口損壞,fail DP2",换接口,自然磨損,1.0,1.5,,OK
CHV,CHVP2,A31(AFT）,2025-12-23,TypeC類,TypeC2,TPE-20210315-127,接口損壞,"换接口,rework barrel",自然磨損,1.0,2.0,,OK
CHV,CHVP2,A31(AFT）,2025-12-23,TypeC類,TypeC2,TPE-20221205-196 ,更新FW28ROM,更新FW28ROM,自然磨損,1.0,1.0,,OK
CHV,CHVP2,A31(AFT）,2025-12-24,TypeC類,TypeC2,TPE-20210315-132,接口損壞,换接口,自然磨損,1.0,1.0,,OK
CHV,CHVP2,A31(AFT）,2025-12-24,TypeC類,TypeC2,TPE-20221205-036,接口損壞,换接口,自然磨損,1.0,1.0,,OK
CHV,CHVP2,A31(AFT）,2025-12-24,HDMI類,HDMI2.1,TPE-20250418-006,夹具NG->不能插线,把夹具,自然磨損,1.0,1.0,,OK
CHV,CHVP2,A31(AFT）,2025-12-24,DP類,DP1.4,TPE-20210623-095,白屏,"换case卡,更新FW",自然磨損,1.0,1.0,,OK
CHV,CHVP2,A31(AFT）,2025-12-24,DUDC類,DUDC Plus,TPE-20250516-102,USB 接口損壞,换接口,可能外力,1.0,1.5,,OK
CHV,CHVP2,A31(AFT）,2025-12-29,TypeC類,TypeC3 Plus,TPE-20250211-054,没有 VBUS,"换 USD41,42,49",自然磨損,1.0,2.0,,OK
CHV,CHVP2,A31(AFT）,2025-12-29,TypeC類,TypeC3 Plus,TPE-20250211-031,Fail 3.2 speed,格式化磁盘修复 ,自然磨損,1.0,1.0,,OK
CHV,CHVP2,A31(AFT）,2025-12-29,TypeC類,TypeC3 Plus,TPE-20250211-044,Fail 3.2 speed,格式化磁盘修复 ,自然磨損,1.0,1.0,,OK
CHV,CHVP2,A31(AFT）,2025-12-29,HDMI類,HDMI2.1,TPE-20250604-027,夹具NG->不能插线,把夹具,自然磨損,1.0,1.0,,OK
CHV,CHVP2,A31(AFT）,2025-12-30,TypeC類,TypeC3,TPE-20240130-055,用旧版,更新4.90.3 版本,自然磨損,1.0,1.5,,OK
CHV,CHVP2,A31(AFT）,2025-12-30,DP類,DP1.4,TPE-20210624-029,白屏,"换case卡,更新FW",自然磨損,1.0,1.0,,OK
CHV,CHVP2,A31(AFT）,2025-12-30,DP類,DP1.4,TPE-20250605-014,白屏,"换case卡,更新FW",自然磨損,1.0,1.0,,OK
CHV,CHVP2,A31(AFT）,2025-12-30,DP類,DP1.4,TPE-20210624-084,白屏,"换case卡,更新FW",自然磨損,1.0,1.0,,OK
CHV,CHVP2,A31(AFT）,2026-01-05,DP類,DP1.4,TPE-20210624-078,白屏,"换case卡,更新FW",自然磨損,1.0,1.0,,OK
CHV,CHVP2,A31(AFT）,2026-01-05,HDMI類,HDMI2.1,TPE-20230425-038 ,not power,把电容c91,自然磨損,1.0,1.0,,OK
CHV,CHVP2,A31(AFT）,2026-01-05,TypeC類,TypeC3 Plus,TPE-20250211-062,没有 VBUS,"换 USD41,42,49,SWR420-421,SWU20",自然磨損,1.0,4.0,,OK
CHV,CHVP2,A31(AFT）,2026-01-06,TypeC類,TypeC3 Plus,TPE-20250211-057,没有 VBUS,"换 USD40-53,SWR420-421,SWU20",自然磨損,1.0,4.0,,OK
CHV,CHVP2,A31(AFT）,2026-01-07,DUDC類,DUDC Plus,TPE-20250516-089,USB 接口損壞,换接口,可能外力,1.0,1.5,,OK
CHV,CHVP2,A31(AFT）,2026-01-07,DUDC類,DUDC Plus,TPE-20250516-002,USB 接口損壞,换接口,可能外力,1.0,1.5,,OK
CHV,CHVP2,A31(AFT）,2026-01-08,TypeC類,TypeC2,TPE-20210315-109,接口損壞,"换接口,rework barrel",自然磨損,1.0,2.0,,OK
CHV,CHVP2,A31(AFT）,2026-01-08,TypeC類,TypeC3 Plus,TPE-20250211-063,没有 VBUS,"换 USD40-53,SWR420-421,SWU20",自然磨損,1.0,4.0,,OK
CHV,CHVP2,A31(AFT）,2026-01-10,TypeC類,TypeC2,TPE-20221205-251,接口損壞,"换接口,跳线",自然磨損,1.0,2.0,,OK
CHV,CHVP2,A31(AFT）,2026-01-12,DP類,DP1.4,TPE-20210624-001,白屏,"换case卡,更新FW",自然磨損,1.0,1.0,,OK
CHV,CHVP2,A31(AFT）,2026-01-12,TypeC類,TypeC3,TPE-20240130-056,用旧版,更新4.90.3 版本,自然磨損,1.0,1.5,,OK
CHV,CHVP2,A31(AFT）,2026-01-15,VSB類,VSB DP,TPE-20250213-072 ,"接口損壞,fail DP2",换接口,自然磨損,1.0,1.5,,OK
CHV,CHVP2,A31(AFT）,2026-01-16,DUDC類,DUDC Plus,TPE-20250516-128,USB 接口損壞,换接口,可能外力,1.0,1.5,,OK
CHV,CHVP2,A31(AFT）,2026-01-16,DUDC類,DUDC Plus,TPE-20250516-040,USB 接口損壞,换接口,可能外力,1.0,1.5,,OK
CHV,CHVP2,A31(AFT）,2026-01-16,DUDC類,DUDC Plus,TPE-20250516-156,USB 接口損壞,换接口,可能外力,1.0,1.5,,OK
CHV,CHVP2,A31(AFT）,2026-01-17,VSB類,VSB DP,TPE-20250213-069,"接口損壞,fail DP2",换接口,自然磨損,1.0,1.5,,OK
CHV,CHVP2,A31(AFT）,2026-01-17,VSB類,VSB DP,TPE-20250102-064,"接口損壞,fail DP2",换接口,自然磨損,1.0,1.5,,OK
CHV,CHVP2,A31(AFT）,2026-01-17,VSB類,VSB DP,TPE-20250826-027,"接口損壞,fail HDMI",换接口,自然磨損,1.0,1.5,,OK
CHV,CHVP2,A31(AFT）,2026-01-19,TypeC類,TypeC3 Plus,TPE-20250417-193,没有 VBUS,"换 USD41,42,49",自然磨損,1.0,2.0,,OK
CHV,CHVP2,A31(AFT）,2026-01-19,TypeC類,TypeC3 Plus,TPE-20250211-116,Fail 3.2 speed,格式化磁盘修复 ,自然磨損,1.0,1.0,,OK
CHV,CHVP2,A31(AFT）,2026-01-19,TypeC類,TypeC3 Plus,TPE-20250417-059,Fail 3.2 speed,格式化磁盘修复 ,自然磨損,1.0,1.0,,OK
CHV,CHVP2,A31(AFT）,2026-01-20,TypeC類,TypeC2,TPE-20221205-151,Fail 3.0 bulk,换接口，更新FX,自然磨損,1.0,2.0,,OK
CHV,CHVP2,A31(AFT）,2026-01-20,TypeC類,TypeC3 Plus,TPE-20250210-174,"没有VBUS,短路","换 USD40-53,SWR420-421,SWU20",自然磨損,1.0,4.0,,OK
CHV,CHVP2,A31(AFT）,2026-01-20,TypeC類,TypeC2,TPE-20210315-027,Fail 3.0 bulk,"换接口，更新FX,rework barrel",自然磨損,1.0,2.0,,OK
CHV,CHVP2,A31(AFT）,2026-01-21,TypeC類,TypeC3 Plus,TPE-20250417-006,"没有VBUS,短路","换 USD40-53,SWR420-421,SWU20,MUXU1",自然磨損,1.0,12.0,,OK
CHV,CHVP2,A31(AFT）,2026-01-23,VSB類,VSB DP,TPE-20250102-053,"接口損壞,fail DP2","换接口,换电容",自然磨損,1.0,2.0,,OK
CHV,CHVP2,A31(AFT）,2026-01-27,VSB類,VSB DP,TPE-20250213-083,"接口損壞,fail DP2","换接口,换电容,换IC",自然磨損,1.0,2.0,,OK
CHV,CHVP2,A31(AFT）,2026-01-27,HDMI類,HDMI2.0,TPE-20230822-060,"更新FW,屏幕没有反应",更新FW，换IC,自然磨損,1.0,1.5,,OK
CHV,CHVP2,A31(AFT）,2026-01-27,HDMI類,HDMI2.0,TPE-20230822-061,"更新FW,屏幕没有反应",更新FW，换IC,自然磨損,1.0,1.5,,OK
CHV,CHVP2,A31(AFT）,2026-01-27,TypeC類,TypeC2,TPE-20210315-041,Fail 3.0 bulk,"换接口，更新FX,rework barrel",自然磨損,1.0,2.0,,OK
CHV,CHVP2,A31(AFT）,2026-01-28,DUDC類,DUDC Plus,TPE-20250516-126,USB 接口損壞,换接口,锡缺乏症,1.0,1.5,,OK
CHV,CHVP2,A31(AFT）,2026-01-28,DUDC類,DUDC Plus,TPE-20250516-147,USB 接口損壞,换接口,锡缺乏症,1.0,1.5,,OK
CHV,CHVP2,A31(AFT）,2026-01-28,DUDC類,DUDC Plus,TPE-20250516-007,USB 接口損壞,换接口,锡缺乏症,1.0,1.5,,OK
CHV,CHVP2,A31(AFT）,2026-01-28,DUDC類,DUDC Plus,TPE-20250516-123,USB 接口損壞,换接口,锡缺乏症,1.0,1.5,,OK
CHV,CHVP2,A31(AFT）,2026-01-29,TypeC類,TypeC3 Plus,TPE-20250417-224,Fail 3.2 speed,格式化磁盘修复 ,自然磨損,1.0,1.0,,OK
CHV,CHVP2,A31(AFT）,2026-01-29,TypeC類,TypeC3 Plus,TPE-20250417-118,Fail 3.2 speed,格式化磁盘修复 ,自然磨損,1.0,1.0,,OK
CHV,CHVP2,A31(AFT）,2026-01-31,HDMI類,HDMI2.1,TPE-20230425-058,not power,把电容c91,自然磨損,1.0,1.0,,OK
CHV,CHVP3,ABO区,2026-02-06,TypeC類,TypeC3 Plus,TPE-20250417-001,"旧版,右边没有3.0",更新3.00版本,自然磨損,1.0,1.0,,OK
CHV,CHVP3,ABO区,2026-02-06,TypeC類,TypeC3 Plus,TPE-20250417-012,旧版,更新3.00版本,自然磨損,1.0,1.0,,OK
CHV,CHVP3,ABO区,2026-02-06,TypeC類,TypeC3 Plus,TPE-20250417-162,旧版,更新3.00版本,自然磨損,1.0,1.0,,OK
CHV,CHVP3,ABO区,2026-02-06,TypeC類,TypeC3 Plus,TPE-20250417-019,旧版,更新3.00版本,自然磨損,1.0,1.0,,OK
CHV,CHVP3,ABO区,2026-02-06,TypeC類,TypeC3 Plus,TPE-20250417-038,旧版,更新3.00版本,自然磨損,1.0,1.0,,OK
CHV,CHVP3,ABO区,2026-02-06,TypeC類,TypeC3 Plus,TPE-20250417-013,旧版,更新3.00版本,自然磨損,1.0,1.0,,OK
CHV,CHVP3,ABO区,2026-02-06,TypeC類,TypeC3 Plus,TPE-20250417-160,旧版,更新3.00版本,自然磨損,1.0,1.0,,OK
CHV,CHVP3,ABO区,2026-02-06,TypeC類,TypeC3 Plus,TPE-20250417-031,旧版,更新3.00版本,自然磨損,1.0,1.0,,OK
CHV,CHVP3,ABO区,2026-02-06,TypeC類,TypeC3 Plus,TPE-20250417-008,旧版,更新3.00版本,自然磨損,1.0,1.0,,OK
CHV,CHVP3,ABO区,2026-02-06,TypeC類,TypeC3 Plus,TPE-20250417-245,旧版,更新3.00版本,自然磨損,1.0,1.0,,OK
CHV,CHVP3,ABO区,2026-02-06,TypeC類,TypeC3 Plus,TPE-20250417-161,旧版,更新3.00版本,自然磨損,1.0,1.0,,OK
CHV,CHVP3,ABO区,2026-02-06,TypeC類,TypeC3 Plus,TPE-20250417-172,旧版,更新3.00版本,自然磨損,1.0,1.0,,OK
CHV,CHVP2,A31(AFT）,2026-02-07,DUDC類,DUDC Plus,TPE-20250516-048,USB 接口損壞,换接口,锡缺乏症,1.0,1.5,,OK
CHV,CHVP2,A31(AFT）,2026-02-07,DUDC類,DUDC Plus,TPE-20250516-162,USB 接口損壞,换接口,锡缺乏症,1.0,1.5,,OK
CHV,CHVP2,A31(AFT）,2026-02-07,DUDC類,DUDC Plus,TPE-20250516-013,USB 接口損壞,换接口,锡缺乏症,1.0,1.5,,OK
CHV,CHVP2,A31(AFT）,2026-02-07,TypeC類,TypeC2,TPE-20221205-177,用旧版20ROM,更新28ROM版本,自然磨損,1.0,1.0,,OK
CHV,CHVP2,A31(AFT）,2026-02-07,TypeC類,TypeC2,TPE-20221205-093,板子上的pin pad 損壞,报废,报废,1.0,1.0,,报废
CHV,CHVP2,A31(AFT）,2026-02-07,TypeC類,TypeC2,TPE-20221205-262,板子上的pin pad 損壞,报废,报废,1.0,1.0,,报废
CHV,CHVP2,A31(AFT）,2026-02-07,TypeC類,TypeC2,TPE-20221205-252,板子上的pin pad 損壞,报废,报废,1.0,1.0,,报废
CHV,CHVP2,A31(AFT）,2026-02-07,TypeC類,TypeC2,TPE-20221205-086,板子上的pin pad 損壞,报废,报废,1.0,1.0,,报废
CHV,CHVP2,A31(AFT）,2026-02-07,DUDC類,DUDC Plus,TPE-20250516-147,TXRX short test fail,换 switch IC,自然磨損,1.0,1.5,,OK
CHV,CHVP2,A31(AFT）,2026-02-10,TypeC類,TypeC3,TPE-20230912-084,Fail 3.0 bulk,"换 IC SWU13,14",自然磨損,1.0,1.5,,OK
CHV,CHVP2,A31(AFT）,2026-02-10,TypeC類,TypeC3,TPE-20240527-218,用旧版,更新4.90.3 版本,自然磨損,1.0,1.5,,OK
CHV,CHVP2,A31(AFT）,2026-02-11,DP類,DP1.4,TPE-20250605-017,白屏,"换case卡,更新FW",自然磨損,1.0,1.0,,OK
CHV,CHVP2,A31(AFT）,2026-02-11,DP類,DP1.4,TPE-20250605-007,白屏,"换case卡,更新FW",自然磨損,1.0,1.0,,OK
CHV,CHVP2,A31(AFT）,2026-02-11,HDMI類,HDMI2.1,TPE-20250604-019,白屏,"换case卡,更新FW",自然磨損,1.0,1.0,,OK
CHV,CHVP2,A31(AFT）,2026-02-11,DUDC類,DUDC Plus,TPE-20250516-172,USB 接口損壞,换接口,锡缺乏症,1.0,1.5,,OK
CHV,CHVP2,A31(AFT）,2026-02-11,VSB類,VSB DP,TPE-20250213-020,fail DP2,"换接口,换电容,换IC",自然磨損,1.0,2.0,,OK
CHV,CHVP2,A31(AFT）,2026-02-11,VSB類,VSB DP,TPE-20250213-036,fail DP2,"换接口,换电容,换IC",自然磨損,1.0,2.0,,OK
CHV,CHVP2,A31(AFT）,2026-02-12,HDMI類,HDMI2.0,TPE-20230822-261 ,更新FW,更新FW 06ROM,自然磨損,1.0,1.0,,OK
CHV,CHVP2,A31(AFT）,2026-02-12,HDMI類,HDMI2.0,TPE-20230822-009,更新FW,更新FW 06ROM,自然磨損,1.0,1.0,,OK
CHV,CHVP2,A31(AFT）,2026-02-12,HDMI類,HDMI2.0,TPE-20230822-044,更新FW,更新FW 06ROM,自然磨損,1.0,1.0,,OK
CHV,CHVP2,A31(AFT）,2026-02-12,HDMI類,HDMI2.0,TPE-20230822-042,POWER 短路,"更换power接口,换SPQ58/60",自然磨損,1.0,2.0,,OK
CHV,CHVP2,A31(AFT）,2026-02-20,TypeC類,TypeC3,TPE-20240527-182,用旧版,更新4.90.3 版本,自然磨損,1.0,1.5,,OK
CHV,CHVP2,A31(AFT）,2026-02-20,TypeC類,TypeC3,TPE-20240527-057,Fail Test TBT,格式化磁盘修复 ,自然磨損,1.0,1.5,,OK
CHV,CHVP2,A31(AFT）,2026-02-23,DUDC類,DUDC Plus,TPE-20250516-121,USB 接口損壞,换接口,锡缺乏症,1.0,1.5,,OK
CHV,CHVP2,A31(AFT）,2026-02-23,DUDC類,DUDC Plus,TPE-20250516-091,USB 接口損壞,换接口,锡缺乏症,1.0,1.5,,OK
CHV,CHVP2,A31(AFT）,2026-02-23,DUDC類,DUDC Plus,TPE-20250516-073,USB 接口損壞,换接口,锡缺乏症,1.0,1.5,,OK
CHV,CHVP2,ASSY N,2026-02-24,TypeC類,TypeC3 Plus,TPE-20250417-157,旧版,更新版本LCD45机种用,自然磨損,1.0,1.0,,OK
CHV,CHVP2,ASSY N,2026-02-24,TypeC類,TypeC3 Plus,TPE-20250417-228,旧版,更新版本LCD45机种用,自然磨損,1.0,1.0,,OK
CHV,CHVP2,A31(AFT）,2026-02-24,TypeC類,TypeC2,TPE-20221205-052,板子上的pin pad 損壞,跳线,自然磨損,1.0,1.0,,OK
CHV,CHVP2,A31(AFT）,2026-02-24,TypeC類,TypeC2,TPE-20221205-251,板子上的pin pad 損壞,跳线,自然磨損,1.0,1.0,,OK
CHV,CHVP2,A31(AFT）,2026-02-25,HDMI類,HDMI2.0,TPE-20230822-262,冷却风扇損壞,换风扇,自然磨損,1.0,1.0,,OK
CHV,CHVP2,A31(AFT）,2026-02-25,HDMI類,HDMI2.1,TPE-20250418-019,接口損壞,换接口,自然磨損,1.0,1.0,,OK
CHV,CHVP2,A31(AFT）,2026-02-25,TypeC類,TypeC3,TPE-20240527-131,接口損壞,换接口,自然磨損,1.0,1.0,,OK
CHV,CHVP2,A31(SMT）,2026-02-26,TypeC類,TypeC3 Plus,TPE-20250417-213,更新FW3.00版本,更新FW3.00版本,自然磨損,1.0,1.0,,OK
CHV,CHVP2,A31(SMT）,2026-02-26,TypeC類,TypeC3 Plus,TPE-20250211-020,更新FW3.00版本,更新FW3.00版本,自然磨損,1.0,1.0,,OK
CHV,CHVP2,A31(SMT）,2026-02-26,TypeC類,TypeC3 Plus,TPE-20250417-145,Fail 3.2 speed,格式化磁盘修复 ,自然磨損,1.0,1.0,,OK
CHV,CHVP2,A31(SMT）,2026-02-26,TypeC類,TypeC3 Plus,TPE-20250211-014,Fail 3.2 speed,格式化磁盘修复 ,自然磨損,1.0,1.0,,OK
CHV,CHVP2,A31(SMT）,2026-02-26,TypeC類,TypeC3 Plus,TPE-20250211-007,更新FW3.00版本,更新FW3.00版本,自然磨損,1.0,1.0,,OK
CHV,CHVP2,A31(SMT）,2026-02-26,TypeC類,TypeC3 Plus,TPE-20250417-250,Fail 3.2 speed,格式化磁盘修复 ,自然磨損,1.0,1.0,,OK
CHV,CHVP2,A31(SMT）,2026-02-26,TypeC類,TypeC3 Plus,TPE-20250211-024,Fail 3.2 speed,格式化磁盘修复 ,自然磨損,1.0,1.0,,OK
CHV,CHVP2,A31(SMT）,2026-03-02,TypeC類,TypeC3 Plus,TPE-20250417-112,更新FW3.00版本,更新FW3.00版本,自然磨損,1.0,1.0,,OK
CHV,CHVP2,A31(SMT）,2026-03-02,TypeC類,TypeC3 Plus,TPE-20250417-199,Fail 3.2 speed,格式化磁盘修复 ,自然磨損,1.0,1.0,,OK
CHV,CHVP2,A31(AFT）,2026-03-04,TypeC類,TypeC3 Plus,TPE-20250417-188,Fail 2.0 bulk,改变成high speed ,自然磨損,1.0,1.0,,OK
CHV,CHVP2,A31(AFT）,2026-03-04,TypeC類,TypeC3 Plus,TPE-20250417-235,Fail 2.0 bulk,改变成high speed ,自然磨損,1.0,1.0,,OK
CHV,CHVP2,A31(AFT）,2026-03-04,HDMI類,HDMI2.0,TPE-20230822-043,屏幕没反应,换IC U1,自然磨損,1.0,1.0,,OK
CHV,CHVP2,A31(AFT）,2026-03-04,HDMI類,HDMI2.0,TPE-20230822-004,POWER 短路,换power接口,自然磨損,1.0,2.0,,OK
CHV,CHVP2,A31(AFT）,2026-03-05,TypeC類,TypeC3 Plus,TPE-20250417-159,"Fail EDID,4K","换IC USD53,SWU12,MXU1",自然磨損,1.0,3.0,,OK
CHV,CHVP2,A31(AFT）,2026-03-05,TypeC類,TypeC3,TPE-20230710-017,短路,报废,报废,1.0,1.0,,报废
CHV,CHVP2,A31(AFT）,2026-03-06,TypeC類,TypeC3,TPE-20240527-147,fail TBT,换USD15,自然磨損,1.0,2.0,,OK
CHV,CHVP2,A31(AFT）,2026-03-07,简易USB,USB,TPE-20221117-370 ,接口損壞,换接口,自然磨損,1.0,1.0,,OK
CHV,CHVP2,A31(AFT）,2026-03-07,简易USB,USB,KS-20190828-178 ,接口損壞,换接口,自然磨損,1.0,1.0,,OK
CHV,CHVP2,A31(AFT）,2026-03-07,DUDC類,DUDC Plus,TPE-20250516-102,failGEN1,换IC SWU1,自然磨損,1.0,1.5,,OK
CHV,CHVP2,A31(AFT）,2026-03-09,简易USB,USB,KS-20190313-236,电容損壞,换电容,自然磨損,1.0,1.0,,OK
CHV,CHVP2,A31(AFT）,2026-03-09,简易USB,USB,TPE-20221117-377 ,接口損壞,换接口,自然磨損,1.0,1.0,,OK
CHV,CHVP2,A31(SMT）,2026-03-10,TypeC類,TypeC2,TPE-20221205-065,power接口損壞,换接口，更新28ROM版本,自然磨損,1.0,2.0,,OK
CHV,CHVP2,A31(SMT）,2026-03-10,TypeC類,TypeC2,TPE-20221205-096,"SWU1,接口損壞",换接口，换IC SWU1,自然磨損,1.0,2.0,,OK
CHV,CHVP2,A31(SMT）,2026-03-10,TypeC類,TypeC2,TPE-20221205-225,板子上的pin pad 損壞,报废,报废,1.0,1.0,,报废
CHV,CHVP2,A31(AFT）,2026-03-10,HDMI類,HDMI2.0,TPE-20230822-085 ,更新06ROM版本,更新06ROM版本,自然磨損,1.0,1.0,,OK
CHV,CHVP2,A31(AFT）,2026-03-16,TypeC類,TypeC3 Plus,TPE-20250417-237,Fail 3.2 speed,格式化磁盘修复 ,自然磨損,1.0,1.0,,OK
CHV,CHVP2,A31(AFT）,2026-03-16,TypeC類,TypeC3 Plus,TPE-20250630-052,Fail 3.2 speed,格式化磁盘修复 ,自然磨損,1.0,1.0,,OK
CHV,CHVP2,A31(AFT）,2026-03-16,TypeC類,TypeC3 Plus,TPE-20250211-072,没有 VBUS,"换 USD40-53,SWR420-421,SWU20",自然磨損,1.0,3.0,,OK
CHV,CHVP2,A31(AFT）,2026-03-16,TypeC類,TypeC3 Plus,TPE-20250630-292,没有 VBUS,"换 USD40-53,SWR420-421,SWU20,U26",自然磨損,1.0,3.0,,OK
CHV,CHVP2,A31(AFT）,2026-03-16,HDMI類,HDMI2.0,TPE-20250328-052 ,更新06ROM版本,更新06ROM版本,自然磨損,1.0,1.0,,OK
CHV,CHVP2,A31(AFT）,2026-03-16,HDMI類,HDMI2.0,TPE-20250328-045,更新06ROM版本,更新06ROM版本,自然磨損,1.0,1.0,,OK
CHV,CHVP2,A31(AFT）,2026-03-17,TypeC類,TypeC3,TPE-20240527-169,fail TBT,换USD15,自然磨損,1.0,2.0,,OK
CHV,CHVP2,A31(AFT）,2026-03-17,HDMI類,HDMI2.0,TPE-20230822-267,POWER 短路,换power接口,自然磨損,1.0,2.0,,OK
CHV,CHVP2,A31(AFT）,2026-03-18,简易USB,USB,KS-20190828-175,接口損壞,换接口,自然磨損,1.0,1.0,,OK
CHV,CHVP2,A31(AFT）,2026-03-18,简易USB,USB,TPE-20221117-406,接口損壞,换接口,自然磨損,1.0,1.0,,OK
CHV,CHVP2,A31(AFT）,2026-03-18,HDMI類,HDMI2.0,TPE-20230822-265,POWER 短路,"换power接口,换电容",自然磨損,1.0,2.0,,OK
CHV,CHVP2,A31(AFT）,2026-03-21,HDMI類,HDMI2.0,TPE-20250328-059,更新06ROM版本,更新06ROM版本,自然磨損,1.0,1.0,,OK
CHV,CHVP2,A31(AFT）,2026-03-21,HDMI類,HDMI2.0,TPE-20250328-062,更新06ROM版本,更新06ROM版本,自然磨損,1.0,1.0,,OK
CHV,CHVP2,A31(AFT）,2026-03-21,HDMI類,HDMI2.0,TPE-20250328-046,更新06ROM版本,更新06ROM版本,自然磨損,1.0,1.0,,OK
CHV,CHVP2,A31(AFT）,2026-03-21,HDMI類,HDMI2.0,TPE-20250328-072,更新06ROM版本,更新06ROM版本,自然磨損,1.0,1.0,,OK
CHV,CHVP2,A31(AFT）,2026-03-21,HDMI類,HDMI2.0,TPE-20250328-047,更新06ROM版本,更新06ROM版本,自然磨損,1.0,1.0,,OK
CHV,CHVP2,A31(AFT）,2026-03-21,HDMI類,HDMI2.0,TPE-20250328-043,更新06ROM版本,更新06ROM版本,自然磨損,1.0,1.0,,OK
CHV,CHVP2,A31(AFT）,2026-03-21,HDMI類,HDMI2.0,TPE-20250328-073,更新06ROM版本,更新06ROM版本,自然磨損,1.0,1.0,,OK
CHV,CHVP2,A31(AFT）,2026-03-21,HDMI類,HDMI2.0,TPE-20250328-049,更新06ROM版本,更新06ROM版本,自然磨損,1.0,1.0,,OK
CHV,CHVP2,A31(AFT）,2026-03-21,HDMI類,HDMI2.0,TPE-20250328-041,更新06ROM版本,更新06ROM版本,自然磨損,1.0,1.0,,OK
CHV,CHVP2,A31(AFT）,2026-03-21,HDMI類,HDMI2.0,TPE-20250328-042,更新06ROM版本,更新06ROM版本,自然磨損,1.0,1.0,,OK
CHV,CHVP2,A31(AFT）,2026-03-21,HDMI類,HDMI2.0,TPE-20250328-057,更新06ROM版本,更新06ROM版本,自然磨損,1.0,1.0,,OK
CHV,CHVP2,A31(AFT）,2026-03-23,TypeC類,TypeC3 Plus,TPE-20250630-206,Fail 2.0 bulk,改变成high speed ,自然磨損,1.0,1.0,,OK
CHV,CHVP2,A31(AFT）,2026-03-23,TypeC類,TypeC3 Plus,TPE-20250630-261,Fail 2.0 bulk,改变成high speed ,自然磨損,1.0,1.0,,OK
CHV,CHVP2,A31(AFT）,2026-03-24,TypeC類,TypeC3 Plus,TPE-20250630-203,Fail 2.0 bulk,改变成high speed ,自然磨損,1.0,1.0,,OK
CHV,CHVP2,A31(AFT）,2026-03-24,TypeC類,TypeC3 Plus,TPE-20250630-052,Fail 2.0 bulk,改变成high speed ,自然磨損,1.0,1.0,,OK
CHV,CHVP2,A31(AFT）,2026-03-25,简易USB,USB,TPE-20221117-182,接口損壞,换接口,自然磨損,1.0,1.0,,OK
CHV,CHVP2,A31(AFT）,2026-03-27,TypeC類,TypeC3 Plus,TPE-20250630-088,Fail 2.0 bulk,改变成high speed ,自然磨損,1.0,1.0,,OK
CHV,CHVP2,A31(AFT）,2026-03-27,TypeC類,TypeC3 Plus,TPE-20250417-219,"没有VBUS,短路","换 USD40-53,SWR420-421,SWU20",自然磨損,1.0,2.0,,OK
CHV,CHVP2,A31(AFT）,2026-03-27,TypeC類,TypeC3 Plus,TPE-20250417-235,"没有VBUS,短路","换 USD40-53,SWR420-421,SWU20",自然磨損,1.0,2.0,,OK
CHV,CHVP2,A31(AFT）,2026-03-30,TypeC類,TypeC2,TPE-20211503-030,rework barrel,rework barrel,自然磨損,1.0,2.0,,OK
CHV,CHVP2,A31(AFT）,2026-03-30,TypeC類,TypeC2,TPE-20211503-027,接口損壞,换接口,自然磨損,1.0,1.0,,OK
CHV,CHVP2,A31(SMT）,2026-03-31,TypeC類,TypeC3 Plus,TPE-20250211-108,"没有VBUS,短路","换 USD40-53,SWR420-421,SWU20",自然磨損,1.0,2.0,,OK
CHV,CHVP2,A31(AFT）,2026-04-01,TypeC類,TypeC2,TPE-20211503-034,接口損壞,换接口,自然磨損,1.0,1.0,,OK
CHV,CHVP2,A31(AFT）,2026-04-02,DUDC類,DUDC Plus,TPE-20250516-109,USB 接口損壞,换接口,自然磨損,1.0,1.5,,OK
CHV,CHVP2,A31(AFT）,2026-04-02,DUDC類,DUDC Plus,TPE-20250516-127,USB 接口損壞,换接口,自然磨損,1.0,1.5,,OK
CHV,CHVP2,A31(AFT）,2026-04-02,TypeC類,TypeC3,TPE-20240527-206,旧版,更新FW4.90.3 版本,自然磨損,1.0,1.0,,OK
CHV,CHVP2,A31(AFT）,2026-04-01,TypeC類,TypeC2,TPE-20210315-054 ,接口損壞,换接口,自然磨損,1.0,1.0,,OK
CHV,CHVP2,A31(AFT）,2026-04-07,HDMI類,HDMI2.1,TPE-20230816-003,扇子損壞,换扇子,自然磨損,1.0,1.0,,OK
CHV,CHVP2,A31(AFT）,2026-04-07,HDMI類,HDMI2.0,TPE-20230822-261 ,NO POWER,换power接口,自然磨損,1.0,1.0,,OK
CHV,CHVP2,A31(AFT）,2026-04-07,VSB類,VSB DP,TPE-20250102-085,DP没反应,换IC U1,自然磨損,1.0,1.5,,OK
CHV,CHVP2,A31(AFT）,2026-04-10,TypeC類,TypeC3 Plus,TPE-20250417-067,Fail 3.2 speed,格式化磁盘修复 ,自然磨損,1.0,1.0,,OK
CHV,CHVP2,A31(AFT）,2026-04-10,DP類,DP1.4,TPE-20210624-026,白屏,"换case卡,更新FW2.5.版本",自然磨損,1.0,1.0,,OK
CHV,CHVP2,A31(AFT）,2026-04-10,DP類,DP1.4,TPE-20210624-087,白屏,"换case卡,更新FW2.5.版本",自然磨損,1.0,1.0,,OK
CHV,CHVP2,A31(AFT）,2026-04-13,TypeC類,TypeC3 Plus,TPE-20250417-193,Fail 2.0 bulk,换IC MUXU1,自然磨損,1.0,1.0,,OK
CHV,CHVP2,A31(AFT）,2026-04-13,HDMI類,HDMI2.0,TPE-20230822-011,test fail,换IC TSDS181,自然磨損,1.0,1.0,,OK
CHV,CHVP2,A31(AFT）,2026-04-14,TypeC類,TypeC3 Plus,TPE-20250417-004,Fail 3.2 speed,格式化磁盘修复 ,自然磨損,1.0,1.0,,OK
CHV,CHVP2,A31(AFT）,2026-04-14,DP類,DP1.4,TPE-20250605-035,不能改EDID,更新FW,自然磨損,1.0,1.0,,OK
CHV,CHVP2,A31(AFT）,2026-04-14,HDMI類,HDMI2.0,TPE-20230822-004,NO POWER,换power接口,自然磨損,1.0,1.0,,OK
CHV,CHVP2,A31(AFT）,2026-04-17,TypeC類,TypeC3 Plus,TPE-20250211-167,"没有VBUS,短路","换 USD40-53,SWR420-421,SWU20",自然磨損,1.0,2.0,,OK
CHV,CHVP2,A31(AFT）,2026-04-21,HDMI類,HDMI2.0,TPE-20230822-299,NO POWER,换power接口,自然磨損,1.0,1.0,,OK
CHV,CHVP2,A31(AFT）,2026-04-21,TypeC類,TypeC3 Plus,TPE-20250630-047,"没有VBUS,短路",换USD42，USD48,自然磨損,1.0,2.0,,OK
CHV,CHVP2,A31(AFT）,2026-04-23,HDMI類,HDMI2.0,TPE-20230822-032,NO POWER,换power接口,自然磨損,1.0,1.0,,OK
CHV,CHVP2,A31(AFT）,2026-04-23,HDMI類,HDMI2.0,TPE-20230822-261 ,NO POWER,换PWQ60,自然磨損,1.0,1.0,,OK
CHV,CHVP2,A31(AFT）,2026-04-23,VSB類,VSB DP,TPE-20250603-003,fail DP2,"换DP接口,换IC U16",自然磨損,1.0,2.0,,OK
CHV,CHVP2,A31(AFT）,2026-05-08,TypeC類,TypeC3 Plus,TPE-20250417-157,"没有VBUS,短路","换 USD40-53,SWR420-421,SWU20",自然磨損,1.0,2.0,,OK
CHV,CHVP2,A31(AFT）,2026-05-08,TypeC類,TypeC3,TPE-20230710-078,Fail2.0,换SWU12,自然磨損,1.0,2.0,,OK
CHV,CHVP2,A31(AFT）,2026-05-09,HDMI類,HDMI2.1,TPE-20230425-084,NO POWER,换电容PWC55,自然磨損,1.0,2.0,,OK
CHV,CHVP2,A31(AFT）,2026-05-09,HDMI類,HDMI2.0,TPE-20230822-266 ,NO POWER,换power接口,自然磨損,1.0,1.0,,OK
CHV,CHVP2,A31(AFT）,2026-05-09,HDMI類,HDMI2.0,TPE-20230822-012,不能测试,换IC TMDS181,自然磨損,1.0,2.0,,OK
CHV,CHVP2,A31(AFT）,2026-05-18,简易USB,USB,KS-20190313-258,接口損壞,换接口,自然磨損,1.0,1.0,,OK
CHV,CHVP2,A31(AFT）,2026-05-18,简易USB,USB,TPE-20221117-370 ,接口損壞,换接口,自然磨損,1.0,1.0,,OK
CHV,CHVP2,A31(AFT）,2026-05-18,简易USB,USB,KS-20190313-233,接口損壞,换接口,自然磨損,1.0,1.0,,OK
CHV,CHVP2,A31(AFT）,2026-05-18,简易USB,USB,KS-20190828-181,接口損壞,换接口,自然磨損,1.0,1.0,,OK
CHV,CHVP2,A31(AFT）,2026-05-20,HDMI類,HDMI2.0,TPE-20230822-282,NO POWER,换power接口,自然磨損,1.0,1.0,,OK
CHV,CHVP2,A31(AFT）,2026-05-22,HDMI類,HDMI2.0,TPE-20230822-261 ,NO POWER,报废,报废,1.0,1.0,,报废
CHV,CHVP2,A31(AFT）,2026-05-22,HDMI類,HDMI2.0,TPE-20230822-,NO POWER,报废,报废,1.0,1.0,,报废
CHV,CHVP2,A31(AFT）,2026-05-22,HDMI類,HDMI2.0,TPE-20230822-267,NO POWER,CPU 损坏-》报废,报废,1.0,1.0,,报废
CHV,CHVP2,A31(AFT）,2026-05-23,DUDC類,DUDC Plus,TPE-20250516-156,FAIL USB 3.2 gen1,换IC SWU1,自然磨損,1.0,1.5,,OK
CHV,CHVP2,A31(AFT）,2026-05-25,TypeC類,TypeC2,TPE-20221205-036,板子上的pin pad 損壞,报废,报废,1.0,1.0,,报废
CHV,CHVP2,A31(AFT）,2026-05-27,TypeC類,TypeC3 Plus,TPE-20250417-221,"没有VBUS,短路",换接口,自然磨損,1.0,2.0,,OK
CHV,CHVP2,A31(AFT）,2026-05-27,TypeC類,TypeC3 Plus,TPE-20250417-141,Fail3.2 speed,格式化磁盘修复 ,自然磨損,1.0,1.0,,OK
CHV,CHVP2,A31(AFT）,2026-05-27,TypeC類,TypeC3 Plus,TPE-20250630-184,Fail3.2 speed,格式化磁盘修复 ,自然磨損,1.0,1.0,,OK
CHV,CHVP2,A31(AFT）,2026-05-28,DUDC類,DUDC Plus,TPE-20250516-008,USB 接口損壞,换接口,自然磨損,1.0,1.5,,OK
CHV,CHVP2,A31(AFT）,2026-05-28,DUDC類,DUDC Plus,TPE-20250516-122,USB 接口損壞,换接口,自然磨損,1.0,1.5,,OK
CHV,CHVP2,A31(AFT）,2026-05-29,TypeC類,TypeC3 Plus,TPE-20250630-206,"没有VBUS,短路","换 USD40-53,SWR420-421,SWU20",自然磨損,1.0,2.0,,OK
CHV,CHVP2,A31(AFT）,2026-05-30,TypeC類,TypeC3 Plus,TPE-20250417-155,"没有VBUS,短路","换 USD40-53,SWR420-421,SWU20",自然磨損,1.0,2.0,,OK
CHV,CHVP2,A31(AFT）,2026-05-30,HDMI類,HDMI2.0,TPE-20230822-268,NO POWER,CPU 损坏-》报废,报废,1.0,1.0,,报废
CHV,CHVP2,A31(AFT）,2026-06-05,TypeC類,TypeC3 Plus,TPE-20250417-196,Fail 3.2 speed,格式化磁盘修复 ,自然磨損,1.0,1.0,,OK
CHV,CHVP2,A31(AFT）,2026-06-05,TypeC類,TypeC3 Plus,TPE-20250417-082,Fail 3.2 speed,格式化磁盘修复 ,自然磨損,1.0,1.0,,OK
CHV,CHVP2,A31(AFT）,2026-06-05,DUDC類,DUDC Plus,TPE-20250516-170,USB 接口損壞,换接口,自然磨損,1.0,1.5,,OK
CHV,CHVP2,A31(AFT）,2026-06-05,简易USB,USB,KS-20190828-250,接口損壞,换接口,自然磨損,1.0,1.0,,OK
CHV,CHVP2,A31(AFT）,2026-06-06,TypeC類,TypeC3 Plus,TPE-20250211-014,"没有VBUS,短路","换 USD40-53,SWR420-421,SWU20",自然磨損,1.0,2.0,,OK
CHV,CHVP2,A31(AFT）,2026-06-10,DUDC類,DUDC Plus,TPE-20250516-036,USB 接口損壞,换接口,自然磨損,1.0,1.5,,OK
CHV,CHVP2,A31(AFT）,2026-06-10,VSB類,VSB DP,TPE-20250213-043,fail DP2,"换DP接口,换IC U16",自然磨損,1.0,2.0,,OK
CHV,CHVP2,A31(AFT）,2026-06-10,TypeC類,TypeC2,TPE-20210315-030,板子上的pin pad 損壞,换接口，跳线,自然磨損,1.0,1.0,,OK
CHV,CHVP2,A31(AFT）,2026-06-11,DP類,DP1.4,TPE-20210624-052,3V3 not good,换IC power PWU7,自然磨損,1.0,2.0,,OK
CHV,CHVP2,A31(AFT）,2026-06-15,TypeC類,TypeC3 Plus,TPE-20250630-286,Fail 3.2 speed,格式化磁盘修复 ,自然磨損,1.0,1.0,,OK
CHV,CHVP2,A31(AFT）,2026-06-15,TypeC類,TypeC3 Plus,TPE-20250417-065,Fail 3.2 speed,格式化磁盘修复 ,自然磨損,1.0,1.0,,OK
CHV,CHVP2,A31(AFT）,2026-06-15,TypeC類,TypeC3 Plus,TPE-20250417-108,Fail 3.2 speed,格式化磁盘修复 ,自然磨損,1.0,1.0,,OK
CHV,CHVP2,A31(AFT）,2026-06-15,TypeC類,TypeC3,TPE-20240527-216,测试不过,重更新FX3,自然磨損,1.0,1.0,,OK
CHV,CHVP2,A31(AFT）,2026-06-15,TypeC類,TypeC3,TPE-20240527-182,测试不过,重更新FX3,自然磨損,1.0,1.0,,OK
CHV,CHVP2,A31(AFT）,2026-06-17,TypeC類,TypeC3 Plus,TPE-20250417-104,"没有VBUS,短路","换 USD40-53,SWR420-421,SWU20",自然磨損,1.0,2.0,,OK
CHV,CHVP2,A31(AFT）,2026-06-17,TypeC類,TypeC3 Plus,TPE-20250211-153,"没有VBUS,短路","换 USD40-53,SWR420-421,SWU20",自然磨損,1.0,2.0,,OK
CHV,CHVP2,A31(AFT）,2026-06-19,TypeC類,TypeC3 Plus,TPE-20250630-246,Fail 3.2 speed,格式化磁盘修复 ,自然磨損,1.0,1.0,,OK
CHV,CHVP2,A31(AFT）,2026-06-19,TypeC類,TypeC3 Plus,TPE-20250630-042,Fail 3.2 speed,格式化磁盘修复 ,自然磨損,1.0,1.0,,OK
CHV,CHVP2,A31(AFT）,2026-06-19,简易USB,USB,TPE-20221117-380 ,接口損壞,换接口,自然磨損,1.0,1.0,,OK
CHV,CHVP2,A31(AFT）,2026-06-19,HDMI類,HDMI2.0,TPE-20230822-083,不能测试,换IC TMDS181,自然磨損,1.0,2.0,,OK
CHV,CHVP2,A31(AFT）,2026-06-25,HDMI類,HDMI2.0,TPE-20230822-299,不能测试,换IC TMDS181,自然磨損,1.0,2.0,,OK
CHV,CHVP2,A31(AFT）,2026-06-25,TypeC類,TypeC3 Plus,TPE-20250417-231,"没有VBUS,短路","换 USD40-53,SWR420-421,SWU20",自然磨損,1.0,2.0,,OK
CHV,CHVP2,A31(AFT）,2026-06-25,TypeC類,TypeC3 Plus,TPE-20250417-022,Fail 2.0 bulk,换成 high speed,自然磨損,1.0,1.0,,OK
CHV,CHVP2,A31(AFT）,2026-06-25,TypeC類,TypeC3 Plus,TPE-20250630-066,Fail 2.0 bulk,换成 high speed,自然磨損,1.0,1.0,,OK
CHV,CHVP2,A31(AFT）,2026-06-26,TypeC類,TypeC3 Plus,TPE-20250417-057,"没有VBUS,短路","换 USD40-53,SWR420-421,SWU20",自然磨損,1.0,2.0,,OK
CHV,CHVP2,A31(AFT）,2026-06-30,DUDC類,DUDC Plus,TPE-20250516-006,USB 接口損壞,换接口,自然磨損,1.0,1.5,,OK
CHV,CHVP2,A31(AFT）,2026-06-30,DUDC類,DUDC Plus,TPE-20250516-154,USB 接口損壞,换接口,自然磨損,1.0,1.5,,OK
CHV,CHVP2,A31(AFT）,2026-07-04,简易USB,USB,TPE-20221117-373 ,接口損壞,换接口,自然磨損,1.0,1.0,,OK
CHV,CHVP2,A31(SMT）,2026-07-04,DP類,DP1.4,TPE-20230426-052,接口損壞,换接口,自然磨損,1.0,2.0,,OK
CHV,CHVP2,A31(SMT）,2026-07-04,TypeC類,TypeC2,TPE-20221205-062 ,接口損壞,"换接口,更新FW",自然磨損,1.0,1.0,,OK
CHV,CHVP2,A31(AFT）,2026-07-09,TypeC類,TypeC3 Plus,TPE-20250417-014,Fail 2.0 bulk,换成 high speed,自然磨損,1.0,1.0,,OK
CHV,CHVP2,A31(AFT）,2026-07-09,TypeC類,TypeC3 Plus,TPE-20250417-189,Fail 2.0 bulk,换成 high speed,自然磨損,1.0,1.0,,OK
CHV,CHVP2,A31(AFT）,2025-12-22,Type-C類,TypeC3,TPE-20240527-147,fail TBT,,Chưa phân loại,,,,NG
CHV,CHVP2,A31(AFT）,2025-12-22,Type-C類,TypeC3,TPE-20240527-257,fail TBT,,Chưa phân loại,,,,NG
CHV,CHVP2,A31(AFT）,2025-12-22,Type-C類,TypeC3,TPE-20230710-017,fail TBT,,Chưa phân loại,,,,NG
CHV,CHVP2,A31(AFT）,2025-12-22,Type-C類,TypeC3 Plus,TPE-20250211-106,fail TBT,,Chưa phân loại,,,,NG
CHV,CHVP2,A31(AFT）,2025-12-22,DUDC類,DUDC Plus,TPE-20250516-101,fail top GEN2,,Chưa phân loại,,,,NG
CHV,CHVP2,A31(AFT）,2025-12-22,HDMI類,HDMI2.1,TPE-20231201-006,黑屏,,Chưa phân loại,,,,NG
CHV,CHVP2,A31(AFT）,2025-12-22,HDMI類,HDMI2.1,TPE-20231201-023,SD卡connect,,Chưa phân loại,,,,NG
CHV,CHVP2,A31(AFT）,2025-12-22,DP類,DP1.4,TPE-20210623-020,FDGA开机异常,,Chưa phân loại,,,,NG
CHV,CHVP2,A31(AFT）,2025-12-24,Type-C類,TypeC3,TPE-20240527-006,fail TBT,,Chưa phân loại,,,,NG
